-- phpMyAdmin SQL Dump
-- version 4.9.0.1
-- https://www.phpmyadmin.net/
--
-- Servidor: 127.0.0.1
-- Tiempo de generación: 02-11-2019 a las 20:31:18
-- Versión del servidor: 10.4.6-MariaDB
-- Versión de PHP: 7.3.9

SET SQL_MODE = "NO_AUTO_VALUE_ON_ZERO";
SET AUTOCOMMIT = 0;
START TRANSACTION;
SET time_zone = "+00:00";


/*!40101 SET @OLD_CHARACTER_SET_CLIENT=@@CHARACTER_SET_CLIENT */;
/*!40101 SET @OLD_CHARACTER_SET_RESULTS=@@CHARACTER_SET_RESULTS */;
/*!40101 SET @OLD_COLLATION_CONNECTION=@@COLLATION_CONNECTION */;
/*!40101 SET NAMES utf8mb4 */;

--
-- Base de datos: `padel48`
--
CREATE DATABASE IF NOT EXISTS `padel48` DEFAULT CHARACTER SET latin1 COLLATE latin1_swedish_ci;
USE `padel48`;

-- --------------------------------------------------------

--
-- Estructura de tabla para la tabla `campeonatos`
--

CREATE TABLE IF NOT EXISTS `campeonatos` (
  `id_campeonato` int(4) NOT NULL AUTO_INCREMENT,
  `fecha_inicio` date NOT NULL,
  `fecha_fin` date NOT NULL,
  PRIMARY KEY (`id_campeonato`)
) ENGINE=InnoDB AUTO_INCREMENT=201 DEFAULT CHARSET=utf8;

--
-- Volcado de datos para la tabla `campeonatos`
--

INSERT INTO `campeonatos` (`id_campeonato`, `fecha_inicio`, `fecha_fin`) VALUES
(1, '2019-12-15', '2019-06-16'),
(2, '2019-12-04', '2019-07-05'),
(3, '2019-11-05', '2020-06-12'),
(4, '2019-12-20', '2019-10-26'),
(5, '2019-12-13', '2020-05-03'),
(6, '2019-12-09', '2019-05-15'),
(7, '2019-11-19', '2020-05-13'),
(8, '2019-11-20', '2019-07-26'),
(9, '2019-11-17', '2020-02-18'),
(10, '2019-10-29', '2019-10-08'),
(11, '2019-12-12', '2020-03-29'),
(12, '2019-11-07', '2020-05-17'),
(13, '2019-12-24', '2019-10-17'),
(14, '2019-11-09', '2019-03-18'),
(15, '2019-12-11', '2020-01-07'),
(16, '2019-11-05', '2019-06-21'),
(17, '2019-11-01', '2020-01-07'),
(18, '2019-11-06', '2020-01-20'),
(19, '2019-11-05', '2019-03-09'),
(20, '2019-11-23', '2020-05-29'),
(21, '2019-11-14', '2019-11-09'),
(22, '2019-11-27', '2019-12-03'),
(23, '2019-10-28', '2019-04-09'),
(24, '2019-11-11', '2019-06-26'),
(25, '2019-11-21', '2019-04-09'),
(26, '2019-11-16', '2019-02-22'),
(27, '2019-11-29', '2020-02-16'),
(28, '2019-12-11', '2019-10-10'),
(29, '2019-11-04', '2019-05-17'),
(30, '2019-11-13', '2019-10-12'),
(31, '2019-10-28', '2019-07-30'),
(32, '2019-11-22', '2020-05-31'),
(33, '2019-12-06', '2020-02-21'),
(34, '2019-11-05', '2019-03-22'),
(35, '2019-11-29', '2019-07-11'),
(36, '2019-11-30', '2019-09-07'),
(37, '2019-11-29', '2019-11-21'),
(38, '2019-10-30', '2019-06-06'),
(39, '2019-10-30', '2019-03-02'),
(40, '2019-11-19', '2020-07-05'),
(41, '2019-12-05', '2020-04-27'),
(42, '2019-12-24', '2019-09-22'),
(43, '2019-11-30', '2020-01-06'),
(44, '2019-12-01', '2019-05-20'),
(45, '2019-11-21', '2019-03-04'),
(46, '2019-11-26', '2019-01-02'),
(47, '2019-12-15', '2019-11-01'),
(48, '2019-12-26', '2019-03-02'),
(49, '2019-11-03', '2019-10-08'),
(50, '2019-11-20', '2020-03-22'),
(51, '2019-12-05', '2020-03-08'),
(52, '2019-12-27', '2019-03-23'),
(53, '2019-12-14', '2020-02-21'),
(54, '2019-12-08', '2019-07-12'),
(55, '2019-11-28', '2019-03-07'),
(56, '2019-11-05', '2019-07-12'),
(57, '2019-11-29', '2019-05-05'),
(58, '2019-12-12', '2019-03-14'),
(59, '2019-12-30', '2019-07-24'),
(60, '2019-11-19', '2020-06-04'),
(61, '2019-11-10', '2019-06-07'),
(62, '2019-11-14', '2019-04-04'),
(63, '2019-12-17', '2019-10-03'),
(64, '2019-12-09', '2019-10-11'),
(65, '2019-11-09', '2019-12-10'),
(66, '2019-11-23', '2020-02-01'),
(67, '2019-12-08', '2019-06-03'),
(68, '2019-11-04', '2019-09-20'),
(69, '2019-12-24', '2020-04-22'),
(70, '2019-11-20', '2019-02-17'),
(71, '2019-12-11', '2019-10-11'),
(72, '2019-11-25', '2019-01-08'),
(73, '2019-12-08', '2019-08-26'),
(74, '2019-11-12', '2020-03-12'),
(75, '2019-12-12', '2019-12-22'),
(76, '2019-12-26', '2020-03-27'),
(77, '2019-12-20', '2020-03-09'),
(78, '2019-11-05', '2019-11-04'),
(79, '2019-11-17', '2019-12-22'),
(80, '2019-12-15', '2019-12-10'),
(81, '2019-12-11', '2019-08-01'),
(82, '2019-11-03', '2019-01-02'),
(83, '2019-11-19', '2020-02-26'),
(84, '2019-11-30', '2019-02-13'),
(85, '2019-11-04', '2020-03-04'),
(86, '2019-12-08', '2019-10-24'),
(87, '2019-11-17', '2020-06-02'),
(88, '2019-10-31', '2019-08-17'),
(89, '2019-11-15', '2019-02-09'),
(90, '2019-12-28', '2019-01-19'),
(91, '2019-11-16', '2020-01-03'),
(92, '2019-10-30', '2020-06-23'),
(93, '2019-12-15', '2019-03-11'),
(94, '2019-11-17', '2020-04-04'),
(95, '2019-12-19', '2020-07-21'),
(96, '2019-12-23', '2019-11-01'),
(97, '2019-11-30', '2019-11-21'),
(98, '2019-12-01', '2019-09-12'),
(99, '2019-10-30', '2020-05-10'),
(100, '2019-12-02', '2020-03-08'),
(101, '2019-12-06', '2019-11-27'),
(102, '2019-12-20', '2019-05-06'),
(103, '2019-11-16', '2019-05-18'),
(104, '2019-12-25', '2019-02-13'),
(105, '2019-10-31', '2019-06-03'),
(106, '2019-11-13', '2019-11-04'),
(107, '2019-11-22', '2019-03-06'),
(108, '2019-12-15', '2019-04-02'),
(109, '2019-12-29', '2019-02-16'),
(110, '2019-12-21', '2020-01-20'),
(111, '2019-12-04', '2019-03-03'),
(112, '2019-12-28', '2019-06-05'),
(113, '2019-12-21', '2020-03-28'),
(114, '2019-11-13', '2019-06-27'),
(115, '2019-12-15', '2019-04-18'),
(116, '2019-12-29', '2020-04-25'),
(117, '2019-12-08', '2019-08-23'),
(118, '2019-12-03', '2019-02-15'),
(119, '2019-12-11', '2019-08-04'),
(120, '2019-11-25', '2020-03-02'),
(121, '2019-11-12', '2019-11-16'),
(122, '2019-10-30', '2020-03-01'),
(123, '2019-11-10', '2020-02-14'),
(124, '2019-11-04', '2019-11-20'),
(125, '2019-12-10', '2020-05-31'),
(126, '2019-12-29', '2019-04-13'),
(127, '2019-12-11', '2020-05-18'),
(128, '2019-12-07', '2020-03-20'),
(129, '2019-11-15', '2020-04-12'),
(130, '2019-12-19', '2019-01-12'),
(131, '2019-12-08', '2019-11-08'),
(132, '2019-11-14', '2020-03-13'),
(133, '2019-11-08', '2019-01-21'),
(134, '2019-12-14', '2019-05-07'),
(135, '2019-11-26', '2019-08-27'),
(136, '2019-11-05', '2020-07-02'),
(137, '2019-12-10', '2019-02-20'),
(138, '2019-12-18', '2019-10-17'),
(139, '2019-11-18', '2019-07-31'),
(140, '2019-11-29', '2019-07-04'),
(141, '2019-12-23', '2019-09-21'),
(142, '2019-12-06', '2020-01-27'),
(143, '2019-11-09', '2019-01-12'),
(144, '2019-12-28', '2020-05-25'),
(145, '2019-10-30', '2020-05-20'),
(146, '2019-12-13', '2020-07-27'),
(147, '2019-12-10', '2019-01-13'),
(148, '2019-12-30', '2019-11-11'),
(149, '2019-12-20', '2020-04-13'),
(150, '2019-12-10', '2019-04-17'),
(151, '2019-12-18', '2019-06-18'),
(152, '2019-11-02', '2019-07-03'),
(153, '2019-12-18', '2019-10-01'),
(154, '2019-12-05', '2019-06-22'),
(155, '2019-12-04', '2020-02-24'),
(156, '2019-11-16', '2020-04-19'),
(157, '2019-11-11', '2020-03-10'),
(158, '2019-11-19', '2019-06-21'),
(159, '2019-12-05', '2019-11-17'),
(160, '2019-12-15', '2019-11-04'),
(161, '2019-12-10', '2020-02-22'),
(162, '2019-11-26', '2019-04-24'),
(163, '2019-11-18', '2019-03-09'),
(164, '2019-11-23', '2019-07-21'),
(165, '2019-11-28', '2019-04-26'),
(166, '2019-11-06', '2019-07-09'),
(167, '2019-12-28', '2020-02-10'),
(168, '2019-10-29', '2019-10-02'),
(169, '2019-11-26', '2020-06-08'),
(170, '2019-12-17', '2019-02-28'),
(171, '2019-12-19', '2020-04-02'),
(172, '2019-11-09', '2020-06-22'),
(173, '2019-12-01', '2019-06-16'),
(174, '2019-12-01', '2019-08-09'),
(175, '2019-11-16', '2020-04-10'),
(176, '2019-11-06', '2019-05-08'),
(177, '2019-12-20', '2020-05-13'),
(178, '2019-12-12', '2019-12-21'),
(179, '2019-12-11', '2019-04-06'),
(180, '2019-10-30', '2019-01-29'),
(181, '2019-12-05', '2019-07-24'),
(182, '2019-11-17', '2020-07-06'),
(183, '2019-12-09', '2020-07-22'),
(184, '2019-12-02', '2020-02-06'),
(185, '2019-11-13', '2020-07-12'),
(186, '2019-10-29', '2019-11-13'),
(187, '2019-11-18', '2020-07-24'),
(188, '2019-11-11', '2020-04-19'),
(189, '2019-11-02', '2020-06-19'),
(190, '2019-12-21', '2019-01-06'),
(191, '2019-11-29', '2020-03-28'),
(192, '2019-12-12', '2019-10-09'),
(193, '2019-12-25', '2019-05-04'),
(194, '2019-12-13', '2019-07-03'),
(195, '2019-11-23', '2019-06-18'),
(196, '2019-11-11', '2019-04-29'),
(197, '2019-12-28', '2019-07-18'),
(198, '2019-10-31', '2019-02-01'),
(199, '2019-11-30', '2020-07-07'),
(200, '2019-11-14', '2019-02-11');

-- --------------------------------------------------------

--
-- Estructura de tabla para la tabla `categorias`
--

CREATE TABLE IF NOT EXISTS `categorias` (
  `campeonato_id` int(4) NOT NULL,
  `tipo` enum('MASC','FEM','MIX') NOT NULL,
  `nivel` int(2) NOT NULL,
  PRIMARY KEY (`campeonato_id`,`tipo`,`nivel`)
) ENGINE=InnoDB DEFAULT CHARSET=utf8;

--
-- Volcado de datos para la tabla `categorias`
--

INSERT INTO `categorias` (`campeonato_id`, `tipo`, `nivel`) VALUES
(2, 'MASC', 49),
(2, 'FEM', 41),
(3, 'FEM', 21),
(3, 'FEM', 74),
(3, 'FEM', 82),
(6, 'MASC', 17),
(6, 'FEM', 73),
(8, 'MASC', 50),
(8, 'FEM', 62),
(9, 'MASC', 15),
(10, 'MASC', 88),
(11, 'MASC', 3),
(11, 'MASC', 10),
(11, 'MASC', 62),
(11, 'FEM', 8),
(12, 'MASC', 34),
(12, 'FEM', 20),
(12, 'FEM', 64),
(14, 'FEM', 78),
(15, 'FEM', 41),
(16, 'FEM', 44),
(17, 'FEM', 36),
(17, 'FEM', 59),
(19, 'FEM', 90),
(20, 'MASC', 4),
(20, 'MASC', 10),
(22, 'MASC', 28),
(22, 'MASC', 74),
(22, 'MASC', 86),
(23, 'FEM', 93),
(25, 'MASC', 19),
(27, 'FEM', 22),
(28, 'MASC', 22),
(29, 'FEM', 17),
(30, 'FEM', 32),
(32, 'FEM', 40),
(33, 'FEM', 84),
(35, 'FEM', 97),
(36, 'FEM', 87),
(37, 'FEM', 90),
(37, 'FEM', 98),
(38, 'FEM', 18),
(38, 'FEM', 42),
(39, 'MASC', 68),
(40, 'FEM', 56),
(41, 'FEM', 38),
(42, 'FEM', 17),
(42, 'FEM', 34),
(43, 'FEM', 50),
(44, 'MASC', 65),
(45, 'FEM', 19),
(46, 'MASC', 26),
(46, 'MASC', 27),
(47, 'MASC', 61),
(49, 'MASC', 95),
(49, 'FEM', 86),
(50, 'MASC', 13),
(51, 'FEM', 52),
(52, 'FEM', 68),
(53, 'FEM', 43),
(54, 'FEM', 48),
(54, 'FEM', 99),
(56, 'FEM', 80),
(56, 'FEM', 81),
(57, 'MASC', 48),
(57, 'MASC', 51),
(57, 'FEM', 8),
(59, 'MASC', 43),
(59, 'MASC', 57),
(59, 'MASC', 98),
(59, 'FEM', 36),
(60, 'MASC', 40),
(61, 'MASC', 34),
(62, 'FEM', 99),
(63, 'MASC', 77),
(63, 'FEM', 41),
(65, 'MASC', 69),
(68, 'MASC', 98),
(69, 'MASC', 74),
(69, 'FEM', 49),
(75, 'FEM', 58),
(78, 'MASC', 9),
(78, 'FEM', 98),
(79, 'FEM', 82),
(80, 'MASC', 77),
(80, 'FEM', 59),
(81, 'FEM', 82),
(82, 'FEM', 53),
(85, 'MASC', 88),
(87, 'MASC', 52),
(87, 'FEM', 32),
(88, 'MASC', 79),
(89, 'MASC', 15),
(90, 'FEM', 25),
(92, 'MASC', 3),
(92, 'MASC', 87),
(92, 'FEM', 81),
(93, 'FEM', 65),
(94, 'FEM', 43),
(94, 'FEM', 77),
(95, 'FEM', 1),
(95, 'FEM', 16),
(96, 'FEM', 54),
(97, 'MASC', 76),
(97, 'FEM', 92),
(98, 'FEM', 41),
(99, 'MASC', 8),
(102, 'FEM', 76),
(105, 'MASC', 75),
(105, 'MASC', 79),
(105, 'MASC', 86),
(105, 'FEM', 25),
(108, 'MASC', 7),
(108, 'FEM', 87),
(110, 'FEM', 78),
(111, 'FEM', 85),
(112, 'MASC', 27),
(112, 'FEM', 12),
(112, 'FEM', 36),
(112, 'FEM', 48),
(112, 'FEM', 71),
(114, 'FEM', 99),
(115, 'FEM', 29),
(116, 'MASC', 49),
(116, 'FEM', 12),
(117, 'FEM', 5),
(117, 'FEM', 24),
(121, 'FEM', 78),
(126, 'MASC', 27),
(126, 'MASC', 54),
(128, 'MASC', 47),
(128, 'MASC', 58),
(129, 'MASC', 4),
(129, 'MASC', 50),
(130, 'MASC', 28),
(130, 'MASC', 41),
(131, 'MASC', 8),
(131, 'MASC', 14),
(131, 'MASC', 39),
(133, 'MASC', 36),
(133, 'MASC', 69),
(134, 'MASC', 79),
(135, 'FEM', 96),
(136, 'FEM', 31),
(137, 'FEM', 57),
(138, 'MASC', 73),
(144, 'FEM', 82),
(144, 'FEM', 92),
(147, 'MASC', 50),
(147, 'MASC', 80),
(147, 'FEM', 37),
(148, 'MASC', 89),
(149, 'FEM', 83),
(150, 'FEM', 55),
(151, 'FEM', 44),
(151, 'FEM', 96),
(152, 'FEM', 81),
(152, 'FEM', 90),
(153, 'MASC', 96),
(154, 'FEM', 36),
(157, 'MASC', 2),
(157, 'FEM', 36),
(158, 'MASC', 21),
(158, 'MASC', 91),
(159, 'FEM', 45),
(162, 'FEM', 28),
(162, 'FEM', 41),
(163, 'FEM', 1),
(163, 'FEM', 38),
(165, 'FEM', 35),
(166, 'FEM', 74),
(167, 'FEM', 21),
(168, 'MASC', 24),
(168, 'FEM', 27),
(169, 'MASC', 90),
(171, 'FEM', 14),
(172, 'FEM', 33),
(175, 'MASC', 36),
(175, 'FEM', 3),
(177, 'FEM', 37),
(178, 'MASC', 55),
(178, 'MASC', 93),
(179, 'FEM', 25),
(179, 'FEM', 40),
(179, 'FEM', 68),
(180, 'MASC', 3),
(180, 'FEM', 26),
(181, 'MASC', 73),
(181, 'FEM', 69),
(185, 'MASC', 21),
(186, 'FEM', 66),
(188, 'MASC', 68),
(188, 'FEM', 96),
(189, 'FEM', 23),
(191, 'FEM', 45),
(192, 'FEM', 57),
(194, 'MASC', 59),
(195, 'MASC', 22),
(195, 'MASC', 39),
(199, 'MASC', 19);

-- --------------------------------------------------------

--
-- Estructura de tabla para la tabla `enfrentamientos`
--

CREATE TABLE IF NOT EXISTS `enfrentamientos` (
  `id_enfrentamiento` int(6) NOT NULL AUTO_INCREMENT,
  `id_capitan1` varchar(9) NOT NULL,
  `id_capitan2` varchar(9) NOT NULL,
  `id_grupo` int(4) NOT NULL,
  `hora` time NOT NULL,
  `fecha` date NOT NULL,
  `fase` int(1) NOT NULL,
  PRIMARY KEY (`id_enfrentamiento`),
  KEY `enfrentamiento_ibfk_1` (`id_grupo`),
  KEY `enfrentamiento_ibfk_2` (`id_capitan1`),
  KEY `enfrentamiento_ibfk_3` (`id_capitan2`)
) ENGINE=InnoDB AUTO_INCREMENT=201 DEFAULT CHARSET=utf8;

--
-- Volcado de datos para la tabla `enfrentamientos`
--

INSERT INTO `enfrentamientos` (`id_enfrentamiento`, `id_capitan1`, `id_capitan2`, `id_grupo`, `hora`, `fecha`, `fase`) VALUES
(1, '200', '295', 124, '00:00:03', '2019-04-12', 1),
(2, '406', '599', 56, '00:00:07', '2019-05-15', 1),
(3, '2', '554', 97, '00:00:05', '2018-11-21', 2),
(4, '114', '48', 37, '00:00:03', '2019-08-23', 2),
(5, '280', '539', 60, '00:00:03', '2018-11-13', 2),
(6, '413', '114', 116, '00:00:04', '2019-07-19', 1),
(7, '471', '352', 193, '00:00:07', '2019-02-22', 1),
(8, '7', '471', 93, '00:00:03', '2019-07-14', 1),
(9, '495', '197', 161, '00:00:03', '2019-02-21', 2),
(10, '258', '110', 99, '00:00:03', '2019-08-15', 2),
(11, '49', '284', 12, '00:00:01', '2019-07-27', 2),
(12, '98', '228', 77, '00:00:07', '2019-05-09', 1),
(13, '130', '417', 48, '00:00:05', '2018-11-22', 1),
(14, '554', '406', 177, '00:00:07', '2019-07-02', 2),
(15, '317', '353', 13, '00:00:06', '2019-02-20', 1),
(16, '437', '290', 107, '00:00:01', '2019-02-25', 2),
(17, '310', '413', 189, '00:00:03', '2018-11-16', 1),
(18, '207', '437', 110, '00:00:04', '2019-10-18', 1),
(19, '463', '599', 100, '00:00:02', '2018-12-08', 2),
(20, '26', '344', 169, '00:00:02', '2019-01-18', 1),
(21, '192', '249', 139, '00:00:05', '2019-09-24', 1),
(22, '28', '335', 51, '00:00:06', '2019-02-14', 1),
(23, '130', '554', 17, '00:00:03', '2018-11-20', 1),
(24, '193', '599', 157, '00:00:06', '2018-11-26', 2),
(25, '344', '219', 87, '00:00:01', '2019-06-14', 1),
(26, '571', '62', 116, '00:00:06', '2019-08-26', 2),
(27, '539', '353', 13, '00:00:01', '2019-03-18', 1),
(28, '114', '243', 87, '00:00:06', '2019-08-16', 1),
(29, '280', '463', 76, '00:00:01', '2019-08-29', 2),
(30, '280', '49', 68, '00:00:04', '2019-09-08', 1),
(31, '434', '491', 131, '00:00:07', '2019-05-26', 2),
(32, '3', '283', 14, '00:00:01', '2019-02-20', 1),
(33, '28', '542', 13, '00:00:03', '2019-06-14', 1),
(34, '310', '249', 34, '00:00:07', '2018-10-31', 2),
(35, '413', '243', 192, '00:00:05', '2019-10-14', 1),
(36, '471', '253', 161, '00:00:03', '2018-11-19', 2),
(37, '294', '98', 85, '00:00:05', '2018-12-13', 1),
(38, '144', '207', 18, '00:00:05', '2018-11-30', 1),
(39, '437', '344', 152, '00:00:06', '2018-11-19', 1),
(40, '463', '344', 32, '00:00:04', '2019-10-26', 2),
(41, '148', '123', 159, '00:00:04', '2019-04-28', 1),
(42, '77', '317', 22, '00:00:04', '2019-07-27', 2),
(43, '406', '514', 151, '00:00:01', '2019-06-27', 2),
(44, '437', '111', 153, '00:00:07', '2019-07-10', 1),
(45, '555', '434', 40, '00:00:01', '2019-07-27', 1),
(46, '309', '413', 52, '00:00:07', '2019-07-14', 1),
(47, '283', '554', 96, '00:00:03', '2019-06-02', 2),
(48, '571', '310', 108, '00:00:05', '2019-05-31', 1),
(49, '413', '88', 24, '00:00:03', '2019-09-30', 2),
(50, '110', '491', 162, '00:00:07', '2019-05-07', 1),
(51, '588', '53', 62, '00:00:05', '2019-10-23', 2),
(52, '192', '403', 102, '00:00:07', '2019-03-22', 1),
(53, '422', '101', 95, '00:00:02', '2019-02-25', 1),
(54, '416', '378', 159, '00:00:01', '2019-01-11', 2),
(55, '335', '290', 184, '00:00:01', '2019-04-02', 2),
(56, '378', '295', 109, '00:00:02', '2018-11-02', 1),
(57, '413', '16', 107, '00:00:06', '2018-11-22', 1),
(58, '471', '529', 23, '00:00:07', '2018-11-15', 2),
(59, '47', '16', 100, '00:00:04', '2018-12-08', 1),
(60, '514', '391', 194, '00:00:01', '2019-06-20', 2),
(61, '345', '416', 64, '00:00:03', '2019-10-14', 1),
(62, '228', '409', 199, '00:00:01', '2019-03-12', 2),
(63, '81', '310', 177, '00:00:01', '2019-09-13', 2),
(64, '353', '391', 118, '00:00:03', '2019-10-05', 1),
(65, '391', '539', 186, '00:00:01', '2019-01-29', 2),
(66, '197', '27', 159, '00:00:01', '2019-04-01', 2),
(67, '416', '403', 139, '00:00:03', '2019-03-14', 1),
(68, '53', '144', 167, '00:00:05', '2019-10-02', 2),
(69, '555', '317', 142, '00:00:02', '2018-11-11', 1),
(70, '542', '542', 133, '00:00:07', '2019-03-17', 2),
(71, '87', '48', 146, '00:00:02', '2019-05-01', 1),
(72, '67', '406', 190, '00:00:06', '2019-10-02', 1),
(73, '192', '423', 92, '00:00:05', '2019-08-10', 1),
(74, '599', '47', 33, '00:00:04', '2019-09-11', 1),
(75, '352', '317', 190, '00:00:04', '2019-03-28', 2),
(76, '514', '495', 192, '00:00:02', '2019-09-02', 2),
(77, '423', '352', 41, '00:00:02', '2019-05-20', 2),
(78, '309', '16', 184, '00:00:06', '2018-11-17', 1),
(79, '280', '219', 159, '00:00:04', '2019-08-02', 1),
(80, '26', '406', 115, '00:00:03', '2019-03-20', 1),
(81, '7', '413', 37, '00:00:05', '2019-01-09', 2),
(82, '571', '28', 13, '00:00:05', '2018-12-29', 2),
(83, '403', '2', 167, '00:00:07', '2019-07-22', 1),
(84, '310', '391', 100, '00:00:03', '2019-01-30', 2),
(85, '554', '539', 169, '00:00:06', '2019-08-08', 1),
(86, '243', '130', 106, '00:00:03', '2019-06-21', 2),
(87, '496', '514', 97, '00:00:01', '2019-01-07', 2),
(88, '77', '249', 153, '00:00:06', '2019-03-06', 1),
(89, '26', '463', 51, '00:00:07', '2019-01-24', 2),
(90, '413', '15', 24, '00:00:05', '2019-03-26', 2),
(91, '409', '554', 43, '00:00:07', '2019-05-07', 1),
(92, '48', '403', 115, '00:00:05', '2019-10-10', 1),
(93, '309', '127', 128, '00:00:05', '2019-05-16', 2),
(94, '352', '554', 36, '00:00:01', '2019-10-04', 1),
(95, '599', '47', 8, '00:00:07', '2019-10-05', 1),
(96, '108', '309', 169, '00:00:04', '2019-03-10', 1),
(97, '463', '114', 47, '00:00:07', '2019-07-16', 1),
(98, '258', '309', 164, '00:00:03', '2019-09-10', 1),
(99, '219', '228', 63, '00:00:01', '2019-04-08', 2),
(100, '241', '127', 143, '00:00:07', '2019-05-15', 1),
(101, '413', '193', 79, '00:00:02', '2019-03-13', 1),
(102, '554', '529', 10, '00:00:02', '2019-01-29', 1),
(103, '554', '219', 154, '00:00:03', '2019-10-10', 2),
(104, '529', '101', 93, '00:00:06', '2018-11-16', 1),
(105, '542', '28', 11, '00:00:02', '2019-04-22', 1),
(106, '310', '344', 124, '00:00:07', '2019-09-03', 1),
(107, '344', '48', 73, '00:00:01', '2018-12-22', 1),
(108, '506', '114', 161, '00:00:02', '2019-02-09', 1),
(109, '413', '283', 39, '00:00:07', '2018-12-25', 2),
(110, '284', '309', 16, '00:00:07', '2019-02-01', 2),
(111, '434', '130', 128, '00:00:02', '2019-01-03', 1),
(112, '192', '463', 178, '00:00:04', '2019-05-10', 1),
(113, '114', '284', 144, '00:00:02', '2018-12-14', 1),
(114, '16', '599', 200, '00:00:01', '2018-11-05', 2),
(115, '295', '193', 73, '00:00:02', '2019-02-10', 2),
(116, '416', '378', 13, '00:00:03', '2019-08-19', 1),
(117, '352', '144', 69, '00:00:05', '2019-08-01', 2),
(118, '16', '290', 194, '00:00:06', '2019-01-14', 2),
(119, '416', '249', 26, '00:00:05', '2019-08-25', 2),
(120, '346', '554', 35, '00:00:05', '2019-06-30', 1),
(121, '49', '241', 38, '00:00:06', '2019-03-20', 1),
(122, '309', '294', 177, '00:00:02', '2019-10-06', 1),
(123, '200', '463', 48, '00:00:05', '2018-12-25', 2),
(124, '436', '554', 44, '00:00:02', '2019-04-30', 1),
(125, '335', '555', 196, '00:00:06', '2019-08-12', 1),
(126, '280', '219', 47, '00:00:06', '2019-06-15', 2),
(127, '588', '588', 186, '00:00:05', '2019-08-25', 1),
(128, '378', '70', 26, '00:00:03', '2019-03-11', 1),
(129, '346', '27', 101, '00:00:04', '2019-09-21', 2),
(130, '309', '87', 74, '00:00:01', '2019-08-07', 1),
(131, '141', '280', 30, '00:00:03', '2019-03-14', 1),
(132, '70', '434', 171, '00:00:01', '2018-12-11', 1),
(133, '352', '148', 26, '00:00:06', '2018-11-27', 1),
(134, '599', '346', 87, '00:00:04', '2019-03-27', 2),
(135, '77', '81', 160, '00:00:05', '2019-09-21', 1),
(136, '463', '111', 97, '00:00:04', '2018-11-22', 2),
(137, '588', '123', 181, '00:00:01', '2019-10-12', 2),
(138, '147', '81', 162, '00:00:07', '2019-09-19', 1),
(139, '88', '529', 86, '00:00:01', '2019-01-19', 2),
(140, '243', '437', 68, '00:00:05', '2019-04-29', 1),
(141, '506', '582', 18, '00:00:01', '2019-08-03', 2),
(142, '295', '200', 48, '00:00:04', '2019-09-17', 2),
(143, '434', '416', 176, '00:00:04', '2019-04-10', 2),
(144, '391', '284', 65, '00:00:03', '2019-05-29', 1),
(145, '437', '253', 2, '00:00:07', '2019-05-03', 2),
(146, '110', '87', 37, '00:00:05', '2018-12-09', 1),
(147, '207', '253', 102, '00:00:04', '2018-11-14', 1),
(148, '588', '130', 176, '00:00:01', '2018-12-07', 1),
(149, '290', '48', 84, '00:00:07', '2019-05-11', 2),
(150, '283', '352', 31, '00:00:04', '2019-02-06', 1),
(151, '81', '114', 49, '00:00:04', '2019-02-23', 1),
(152, '463', '352', 169, '00:00:07', '2019-06-23', 1),
(153, '48', '28', 46, '00:00:04', '2019-10-20', 2),
(154, '495', '27', 197, '00:00:04', '2019-09-19', 1),
(155, '554', '437', 195, '00:00:04', '2019-02-21', 2),
(156, '98', '310', 141, '00:00:02', '2019-04-19', 2),
(157, '228', '417', 105, '00:00:04', '2019-02-19', 1),
(158, '378', '26', 56, '00:00:01', '2019-01-23', 2),
(159, '110', '542', 95, '00:00:05', '2019-08-28', 1),
(160, '81', '192', 4, '00:00:05', '2019-08-03', 1),
(161, '53', '352', 199, '00:00:05', '2018-12-04', 2),
(162, '200', '403', 134, '00:00:04', '2019-01-12', 2),
(163, '98', '197', 43, '00:00:02', '2019-02-20', 1),
(164, '403', '28', 96, '00:00:06', '2019-09-21', 2),
(165, '47', '345', 162, '00:00:04', '2019-05-22', 1),
(166, '444', '434', 177, '00:00:04', '2019-04-28', 2),
(167, '403', '496', 135, '00:00:07', '2019-01-22', 1),
(168, '3', '413', 85, '00:00:01', '2019-04-17', 2),
(169, '228', '258', 82, '00:00:07', '2018-11-20', 2),
(170, '249', '114', 50, '00:00:04', '2019-09-12', 1),
(171, '463', '391', 37, '00:00:06', '2019-08-09', 2),
(172, '599', '437', 92, '00:00:02', '2019-04-02', 2),
(173, '491', '148', 177, '00:00:06', '2019-05-19', 2),
(174, '15', '26', 61, '00:00:07', '2019-09-27', 1),
(175, '310', '491', 50, '00:00:02', '2019-07-29', 1),
(176, '192', '193', 60, '00:00:05', '2018-12-09', 2),
(177, '444', '200', 93, '00:00:02', '2018-11-28', 2),
(178, '53', '491', 135, '00:00:04', '2019-03-07', 2),
(179, '346', '123', 92, '00:00:07', '2018-12-14', 1),
(180, '241', '437', 92, '00:00:04', '2019-01-31', 1),
(181, '241', '110', 7, '00:00:07', '2019-10-09', 2),
(182, '88', '130', 100, '00:00:05', '2019-04-14', 2),
(183, '463', '444', 84, '00:00:07', '2019-08-17', 1),
(184, '409', '391', 88, '00:00:01', '2019-05-26', 2),
(185, '15', '413', 84, '00:00:03', '2019-04-16', 1),
(186, '253', '16', 142, '00:00:04', '2019-06-23', 2),
(187, '101', '147', 137, '00:00:05', '2019-07-30', 1),
(188, '98', '77', 24, '00:00:02', '2019-06-14', 2),
(189, '463', '49', 103, '00:00:04', '2019-08-26', 2),
(190, '378', '309', 30, '00:00:01', '2019-09-30', 2),
(191, '290', '463', 19, '00:00:03', '2019-08-10', 2),
(192, '406', '77', 59, '00:00:01', '2019-06-20', 1),
(193, '207', '2', 40, '00:00:07', '2019-10-19', 2),
(194, '241', '251', 123, '00:00:06', '2019-02-20', 1),
(195, '7', '346', 88, '00:00:07', '2019-02-14', 2),
(196, '27', '437', 135, '00:00:02', '2018-11-24', 1),
(197, '280', '219', 72, '00:00:07', '2019-10-08', 2),
(198, '403', '309', 123, '00:00:06', '2019-05-23', 2),
(199, '141', '599', 49, '00:00:03', '2019-08-29', 2),
(200, '48', '219', 136, '00:00:01', '2019-01-28', 1);

-- --------------------------------------------------------

--
-- Estructura de tabla para la tabla `grupos`
--

CREATE TABLE IF NOT EXISTS `grupos` (
  `id_grupo` int(4) NOT NULL AUTO_INCREMENT,
  `campeonato_id` int(4) NOT NULL,
  `tipo` enum('MASC','FEM') NOT NULL,
  `nivel` int(2) NOT NULL,
  PRIMARY KEY (`id_grupo`),
  KEY `grupo_ibfk_1` (`campeonato_id`)
) ENGINE=InnoDB AUTO_INCREMENT=201 DEFAULT CHARSET=utf8;

--
-- Volcado de datos para la tabla `grupos`
--

INSERT INTO `grupos` (`id_grupo`, `campeonato_id`, `tipo`, `nivel`) VALUES
(1, 22, 'MASC', 86),
(2, 179, 'FEM', 68),
(3, 152, 'FEM', 81),
(4, 28, 'MASC', 22),
(5, 51, 'FEM', 52),
(6, 25, 'MASC', 19),
(7, 59, 'FEM', 36),
(8, 180, 'MASC', 3),
(9, 10, 'MASC', 88),
(10, 36, 'FEM', 87),
(11, 12, 'MASC', 34),
(12, 112, 'MASC', 27),
(13, 168, 'MASC', 24),
(14, 112, 'FEM', 48),
(15, 186, 'FEM', 66),
(16, 78, 'FEM', 98),
(17, 97, 'MASC', 76),
(18, 195, 'MASC', 22),
(19, 69, 'FEM', 49),
(20, 40, 'FEM', 56),
(21, 54, 'FEM', 48),
(22, 189, 'FEM', 23),
(23, 110, 'FEM', 78),
(24, 133, 'MASC', 69),
(25, 94, 'FEM', 43),
(26, 33, 'FEM', 84),
(27, 82, 'FEM', 53),
(28, 43, 'FEM', 50),
(29, 116, 'FEM', 12),
(30, 57, 'FEM', 8),
(31, 62, 'FEM', 99),
(32, 93, 'FEM', 65),
(33, 112, 'FEM', 48),
(34, 87, 'FEM', 32),
(35, 12, 'FEM', 20),
(36, 32, 'FEM', 40),
(37, 192, 'FEM', 57),
(38, 88, 'MASC', 79),
(39, 3, 'FEM', 21),
(40, 134, 'MASC', 79),
(41, 150, 'FEM', 55),
(42, 79, 'FEM', 82),
(43, 36, 'FEM', 87),
(44, 59, 'FEM', 36),
(45, 80, 'FEM', 59),
(46, 180, 'MASC', 3),
(47, 158, 'MASC', 91),
(48, 40, 'FEM', 56),
(49, 153, 'MASC', 96),
(50, 171, 'FEM', 14),
(51, 37, 'FEM', 90),
(52, 185, 'MASC', 21),
(53, 89, 'MASC', 15),
(54, 38, 'FEM', 42),
(55, 169, 'MASC', 90),
(56, 3, 'FEM', 82),
(57, 20, 'MASC', 10),
(58, 11, 'FEM', 8),
(59, 57, 'MASC', 48),
(60, 6, 'MASC', 17),
(61, 181, 'MASC', 73),
(62, 39, 'MASC', 68),
(63, 163, 'FEM', 1),
(64, 3, 'FEM', 74),
(65, 42, 'FEM', 34),
(66, 92, 'MASC', 3),
(67, 92, 'FEM', 81),
(68, 46, 'MASC', 26),
(69, 36, 'FEM', 87),
(70, 157, 'FEM', 36),
(71, 138, 'MASC', 73),
(72, 105, 'MASC', 75),
(73, 11, 'MASC', 62),
(74, 144, 'FEM', 82),
(75, 158, 'MASC', 21),
(76, 168, 'FEM', 27),
(77, 179, 'FEM', 25),
(78, 11, 'MASC', 3),
(79, 126, 'MASC', 27),
(80, 17, 'FEM', 59),
(81, 165, 'FEM', 35),
(82, 28, 'MASC', 22),
(83, 179, 'FEM', 40),
(84, 57, 'FEM', 8),
(85, 163, 'FEM', 1),
(86, 8, 'FEM', 62),
(87, 8, 'MASC', 50),
(88, 88, 'MASC', 79),
(89, 37, 'FEM', 90),
(90, 8, 'MASC', 50),
(91, 96, 'FEM', 54),
(92, 47, 'MASC', 61),
(93, 57, 'MASC', 48),
(94, 92, 'FEM', 81),
(95, 166, 'FEM', 74),
(96, 6, 'MASC', 17),
(97, 57, 'FEM', 8),
(98, 49, 'MASC', 95),
(99, 30, 'FEM', 32),
(100, 114, 'FEM', 99),
(101, 163, 'FEM', 38),
(102, 46, 'MASC', 26),
(103, 151, 'FEM', 44),
(104, 80, 'MASC', 77),
(105, 51, 'FEM', 52),
(106, 59, 'MASC', 43),
(107, 131, 'MASC', 8),
(108, 38, 'FEM', 42),
(109, 93, 'FEM', 65),
(110, 154, 'FEM', 36),
(111, 68, 'MASC', 98),
(112, 129, 'MASC', 4),
(113, 147, 'FEM', 37),
(114, 134, 'MASC', 79),
(115, 62, 'FEM', 99),
(116, 69, 'FEM', 49),
(117, 51, 'FEM', 52),
(118, 51, 'FEM', 52),
(119, 49, 'MASC', 95),
(120, 88, 'MASC', 79),
(121, 95, 'FEM', 16),
(122, 42, 'FEM', 34),
(123, 94, 'FEM', 77),
(124, 179, 'FEM', 68),
(125, 163, 'FEM', 38),
(126, 154, 'FEM', 36),
(127, 10, 'MASC', 88),
(128, 27, 'FEM', 22),
(129, 168, 'FEM', 27),
(130, 158, 'MASC', 91),
(131, 97, 'MASC', 76),
(132, 17, 'FEM', 36),
(133, 47, 'MASC', 61),
(134, 165, 'FEM', 35),
(135, 36, 'FEM', 87),
(136, 82, 'FEM', 53),
(137, 192, 'FEM', 57),
(138, 3, 'FEM', 21),
(139, 108, 'MASC', 7),
(140, 152, 'FEM', 81),
(141, 25, 'MASC', 19),
(142, 17, 'FEM', 59),
(143, 152, 'FEM', 81),
(144, 147, 'MASC', 80),
(145, 144, 'FEM', 82),
(146, 154, 'FEM', 36),
(147, 110, 'FEM', 78),
(148, 152, 'FEM', 81),
(149, 179, 'FEM', 68),
(150, 41, 'FEM', 38),
(151, 3, 'FEM', 74),
(152, 59, 'MASC', 57),
(153, 69, 'MASC', 74),
(154, 59, 'MASC', 43),
(155, 130, 'MASC', 28),
(156, 178, 'MASC', 55),
(157, 179, 'FEM', 68),
(158, 152, 'FEM', 90),
(159, 152, 'FEM', 81),
(160, 88, 'MASC', 79),
(161, 138, 'MASC', 73),
(162, 105, 'MASC', 75),
(163, 185, 'MASC', 21),
(164, 116, 'FEM', 12),
(165, 181, 'MASC', 73),
(166, 171, 'FEM', 14),
(167, 88, 'MASC', 79),
(168, 147, 'MASC', 50),
(169, 92, 'FEM', 81),
(170, 2, 'FEM', 41),
(171, 144, 'FEM', 92),
(172, 168, 'FEM', 27),
(173, 19, 'FEM', 90),
(174, 177, 'FEM', 37),
(175, 2, 'MASC', 49),
(176, 180, 'FEM', 26),
(177, 178, 'MASC', 93),
(178, 131, 'MASC', 39),
(179, 68, 'MASC', 98),
(180, 191, 'FEM', 45),
(181, 129, 'MASC', 50),
(182, 199, 'MASC', 19),
(183, 116, 'MASC', 49),
(184, 69, 'FEM', 49),
(185, 105, 'FEM', 25),
(186, 94, 'FEM', 77),
(187, 2, 'FEM', 41),
(188, 10, 'MASC', 88),
(189, 3, 'FEM', 82),
(190, 199, 'MASC', 19),
(191, 144, 'FEM', 82),
(192, 6, 'FEM', 73),
(193, 166, 'FEM', 74),
(194, 87, 'FEM', 32),
(195, 158, 'MASC', 21),
(196, 175, 'FEM', 3),
(197, 79, 'FEM', 82),
(198, 178, 'MASC', 55),
(199, 11, 'FEM', 8),
(200, 112, 'FEM', 36);

-- --------------------------------------------------------

--
-- Estructura de tabla para la tabla `horarios`
--

CREATE TABLE IF NOT EXISTS `horarios` (
  `id_horario` int(2) NOT NULL,
  `pista_id` int(2) NOT NULL,
  `hora_inicio` time NOT NULL,
  PRIMARY KEY (`id_horario`),
  KEY `horario_ibfk_1` (`pista_id`)
) ENGINE=InnoDB DEFAULT CHARSET=utf8;

--
-- Volcado de datos para la tabla `horarios`
--

INSERT INTO `horarios` (`id_horario`, `pista_id`, `hora_inicio`) VALUES
(1, 1, '009:00:00'),
(2, 1, '010:30:00'),
(3, 1, '012:00:00'),
(4, 1, '013:30:00'),
(5, 1, '015:00:00'),
(6, 1, '016:30:00'),
(7, 1, '018:00:00'),
(8, 1, '019:30:00'),
(9, 1, '021:00:00'),
(10, 2, '009:00:00'),
(11, 2, '010:30:00'),
(12, 2, '012:00:00'),
(13, 2, '013:30:00'),
(14, 2, '015:00:00'),
(15, 2, '016:30:00'),
(16, 2, '018:00:00'),
(17, 2, '019:30:00'),
(18, 2, '021:00:00'),
(19, 3, '009:00:00'),
(20, 3, '010:30:00'),
(21, 3, '012:00:00'),
(22, 3, '013:30:00'),
(23, 3, '015:00:00'),
(24, 3, '016:30:00'),
(25, 3, '018:00:00'),
(26, 3, '019:30:00'),
(27, 3, '021:00:00'),
(28, 4, '009:00:00'),
(29, 4, '010:30:00'),
(30, 4, '012:00:00'),
(31, 4, '013:30:00'),
(32, 4, '015:00:00'),
(33, 4, '016:30:00'),
(34, 4, '018:00:00'),
(35, 4, '019:30:00'),
(36, 4, '021:00:00'),
(37, 5, '009:00:00'),
(38, 5, '010:30:00'),
(39, 5, '012:00:00'),
(40, 5, '013:30:00'),
(41, 5, '015:00:00'),
(42, 5, '016:30:00'),
(43, 5, '018:00:00'),
(44, 5, '019:30:00'),
(45, 5, '021:00:00'),
(46, 6, '009:00:00'),
(47, 6, '010:30:00'),
(48, 6, '012:00:00'),
(49, 6, '013:30:00'),
(50, 6, '015:00:00'),
(51, 6, '016:30:00'),
(52, 6, '018:00:00'),
(53, 6, '019:30:00'),
(54, 6, '021:00:00'),
(55, 7, '009:00:00'),
(56, 7, '010:30:00'),
(57, 7, '012:00:00'),
(58, 7, '013:30:00'),
(59, 7, '015:00:00'),
(60, 7, '016:30:00'),
(61, 7, '018:00:00'),
(62, 7, '019:30:00'),
(63, 7, '021:00:00'),
(64, 8, '009:00:00'),
(65, 8, '010:30:00'),
(66, 8, '012:00:00'),
(67, 8, '013:30:00'),
(68, 8, '015:00:00'),
(69, 8, '016:30:00'),
(70, 8, '018:00:00'),
(71, 8, '019:30:00'),
(72, 8, '021:00:00'),
(73, 9, '009:00:00'),
(74, 9, '010:30:00'),
(75, 9, '012:00:00'),
(76, 9, '013:30:00'),
(77, 9, '015:00:00'),
(78, 9, '016:30:00'),
(79, 9, '018:00:00'),
(80, 9, '019:30:00'),
(81, 9, '021:00:00'),
(82, 10, '009:00:00'),
(83, 10, '010:30:00'),
(84, 10, '012:00:00'),
(85, 10, '013:30:00'),
(86, 10, '015:00:00'),
(87, 10, '016:30:00'),
(88, 10, '018:00:00'),
(89, 10, '019:30:00'),
(90, 10, '021:00:00'),
(91, 11, '009:00:00'),
(92, 11, '010:30:00'),
(93, 11, '012:00:00'),
(94, 11, '013:30:00'),
(95, 11, '015:00:00'),
(96, 11, '016:30:00'),
(97, 11, '018:00:00'),
(98, 11, '019:30:00'),
(99, 11, '021:00:00'),
(100, 12, '009:00:00'),
(101, 12, '010:30:00'),
(102, 12, '012:00:00'),
(103, 12, '013:30:00'),
(104, 12, '015:00:00'),
(105, 12, '016:30:00'),
(106, 12, '018:00:00'),
(107, 12, '019:30:00'),
(108, 12, '021:00:00'),
(109, 13, '009:00:00'),
(110, 13, '010:30:00'),
(111, 13, '012:00:00'),
(112, 13, '013:30:00'),
(113, 13, '015:00:00'),
(114, 13, '016:30:00'),
(115, 13, '018:00:00'),
(116, 13, '019:30:00'),
(117, 13, '021:00:00'),
(118, 14, '009:00:00'),
(119, 14, '010:30:00'),
(120, 14, '012:00:00'),
(121, 14, '013:30:00'),
(122, 14, '015:00:00'),
(123, 14, '016:30:00'),
(124, 14, '018:00:00'),
(125, 14, '019:30:00'),
(126, 14, '021:00:00'),
(127, 15, '009:00:00'),
(128, 15, '010:30:00'),
(129, 15, '012:00:00'),
(130, 15, '013:30:00'),
(131, 15, '015:00:00'),
(132, 15, '016:30:00'),
(133, 15, '018:00:00'),
(134, 15, '019:30:00'),
(135, 15, '021:00:00'),
(136, 16, '009:00:00'),
(137, 16, '010:30:00'),
(138, 16, '012:00:00'),
(139, 16, '013:30:00'),
(140, 16, '015:00:00'),
(141, 16, '016:30:00'),
(142, 16, '018:00:00'),
(143, 16, '019:30:00'),
(144, 16, '021:00:00'),
(145, 17, '009:00:00'),
(146, 17, '010:30:00'),
(147, 17, '012:00:00'),
(148, 17, '013:30:00'),
(149, 17, '015:00:00'),
(150, 17, '016:30:00'),
(151, 17, '018:00:00'),
(152, 17, '019:30:00'),
(153, 17, '021:00:00'),
(154, 18, '009:00:00'),
(155, 18, '010:30:00'),
(156, 18, '012:00:00'),
(157, 18, '013:30:00'),
(158, 18, '015:00:00'),
(159, 18, '016:30:00'),
(160, 18, '018:00:00'),
(161, 18, '019:30:00'),
(162, 18, '021:00:00'),
(163, 19, '009:00:00'),
(164, 19, '010:30:00'),
(165, 19, '012:00:00'),
(166, 19, '013:30:00'),
(167, 19, '015:00:00'),
(168, 19, '016:30:00'),
(169, 19, '018:00:00'),
(170, 19, '019:30:00'),
(171, 19, '021:00:00'),
(172, 20, '009:00:00'),
(173, 20, '010:30:00'),
(174, 20, '012:00:00'),
(175, 20, '013:30:00'),
(176, 20, '015:00:00'),
(177, 20, '016:30:00'),
(178, 20, '018:00:00'),
(179, 20, '019:30:00'),
(180, 20, '021:00:00'),
(181, 21, '009:00:00'),
(182, 21, '010:30:00'),
(183, 21, '012:00:00'),
(184, 21, '013:30:00'),
(185, 21, '015:00:00'),
(186, 21, '016:30:00'),
(187, 21, '018:00:00'),
(188, 21, '019:30:00'),
(189, 21, '021:00:00'),
(190, 22, '009:00:00'),
(191, 22, '010:30:00'),
(192, 22, '012:00:00'),
(193, 22, '013:30:00'),
(194, 22, '015:00:00'),
(195, 22, '016:30:00'),
(196, 22, '018:00:00'),
(197, 22, '019:30:00'),
(198, 22, '021:00:00'),
(199, 23, '009:00:00'),
(200, 23, '010:30:00'),
(201, 23, '012:00:00'),
(202, 23, '013:30:00'),
(203, 23, '015:00:00'),
(204, 23, '016:30:00'),
(205, 23, '018:00:00'),
(206, 23, '019:30:00'),
(207, 23, '021:00:00'),
(208, 24, '009:00:00'),
(209, 24, '010:30:00'),
(210, 24, '012:00:00'),
(211, 24, '013:30:00'),
(212, 24, '015:00:00'),
(213, 24, '016:30:00'),
(214, 24, '018:00:00'),
(215, 24, '019:30:00'),
(216, 24, '021:00:00'),
(217, 25, '009:00:00'),
(218, 25, '010:30:00'),
(219, 25, '012:00:00'),
(220, 25, '013:30:00'),
(221, 25, '015:00:00'),
(222, 25, '016:30:00'),
(223, 25, '018:00:00'),
(224, 25, '019:30:00'),
(225, 25, '021:00:00'),
(226, 26, '009:00:00'),
(227, 26, '010:30:00'),
(228, 26, '012:00:00'),
(229, 26, '013:30:00'),
(230, 26, '015:00:00'),
(231, 26, '016:30:00'),
(232, 26, '018:00:00'),
(233, 26, '019:30:00'),
(234, 26, '021:00:00');

-- --------------------------------------------------------

--
-- Estructura de tabla para la tabla `noticias`
--

CREATE TABLE IF NOT EXISTS `noticias` (
  `id_noticia` int(100) NOT NULL AUTO_INCREMENT,
  `usuario_id` varchar(9) NOT NULL,
  `titulo` varchar(150) CHARACTER SET utf8mb4 NOT NULL,
  `contenido` varchar(1000) CHARACTER SET utf8mb4 NOT NULL,
  PRIMARY KEY (`id_noticia`),
  KEY `noticia_ibfk_1` (`usuario_id`)
) ENGINE=InnoDB AUTO_INCREMENT=51 DEFAULT CHARSET=utf8;

--
-- Volcado de datos para la tabla `noticias`
--

INSERT INTO `noticias` (`id_noticia`, `usuario_id`, `titulo`, `contenido`) VALUES
(1, '346', 'Aero 8', 'Occlusion of Left Vertebral Vein with Intraluminal Device, Percutaneous Endoscopic Approach'),
(2, '191', 'Monza', 'Inspection of Left Knee Region, Percutaneous Approach'),
(3, '29', 'Savana 3500', 'Replacement of Left Rib with Nonautologous Tissue Substitute, Percutaneous Approach'),
(4, '376', 'Commander', 'Removal of Synthetic Substitute from Facial Bone, Percutaneous Endoscopic Approach'),
(5, '393', 'Sierra 2500HD', 'Replacement of Right Carpal with Autologous Tissue Substitute, Percutaneous Endoscopic Approach'),
(6, '470', 'Malibu', 'Introduction of Human B-type Natriuretic Peptide into Central Vein, Percutaneous Approach'),
(7, '581', 'V8 Vantage S', 'Repair Femoral Nerve, Percutaneous Endoscopic Approach'),
(8, '18', 'C8 Double 12 S', 'Excision of Descending Colon, Via Natural or Artificial Opening, Diagnostic'),
(9, '585', 'F150', 'Restriction of Right Internal Mammary Artery with Extraluminal Device, Percutaneous Approach'),
(10, '54', 'H1', 'Removal of External Fixation Device from Right Pelvic Bone, Open Approach'),
(11, '261', 'Savana 2500', 'Dilation of Left Hand Artery with Four or More Intraluminal Devices, Percutaneous Endoscopic Approach'),
(12, '242', 'Monte Carlo', 'Control Bleeding in Genitourinary Tract, Via Natural or Artificial Opening'),
(13, '157', 'Explorer Sport', 'Division of Right Wrist Bursa and Ligament, Open Approach'),
(14, '41', 'GTI', 'Dilation of Right Radial Artery, Bifurcation, with Four or More Intraluminal Devices, Open Approach'),
(15, '289', 'Pathfinder', 'Revision of Intracardiac Pacemaker in Heart, Percutaneous Endoscopic Approach'),
(16, '530', 'Range Rover Sport', 'Dilation of Left Common Iliac Artery with Two Intraluminal Devices, Percutaneous Endoscopic Approach'),
(17, '467', 'Mirage', 'Extirpation of Matter from Colic Vein, Open Approach'),
(18, '576', 'C-Class', 'Drainage of Right Lower Extremity Lymphatic, Percutaneous Approach'),
(19, '57', 'Citation', 'Extirpation of Matter from Lower Vein, Open Approach'),
(20, '493', 'tC', 'Bypass Left Common Iliac Artery to Right Renal Artery with Nonautologous Tissue Substitute, Percutaneous Endoscopic Approach'),
(21, '328', 'Celica', 'Dilation of Left Renal Artery with Four or More Drug-eluting Intraluminal Devices, Percutaneous Approach'),
(22, '397', 'Achieva', 'Sensory Awareness/Processing/Integrity Assessment of Integumentary System - Whole Body'),
(23, '235', 'Milan', 'Revision of Autologous Tissue Substitute in Thoracolumbar Vertebral Joint, Percutaneous Endoscopic Approach'),
(24, '128', 'Esperante', 'Dilation of Right Thyroid Artery with Two Intraluminal Devices, Percutaneous Endoscopic Approach'),
(25, '386', 'Impreza', 'Monaural Hearing Aid Assessment using Audiometer'),
(26, '228', 'Wrangler', 'Drainage of Right Ethmoid Sinus with Drainage Device, Percutaneous Endoscopic Approach'),
(27, '592', 'Golf', 'Resection of Right Lacrimal Duct, Via Natural or Artificial Opening Endoscopic'),
(28, '305', 'Continental', 'Extirpation of Matter from Right Thumb Phalanx, Open Approach'),
(29, '408', 'Grand Prix', 'Bypass Left Common Iliac Artery to Left Femoral Artery with Autologous Venous Tissue, Percutaneous Endoscopic Approach'),
(30, '79', 'Villager', 'Replacement of Left Thyroid Artery with Synthetic Substitute, Open Approach'),
(31, '442', 'Pajero', 'Revision of Drainage Device in Ovary, External Approach'),
(32, '484', '6 Series', 'Revision of Autologous Tissue Substitute in Right Tarsal Joint, External Approach'),
(33, '411', 'Cabriolet', 'Transfer Accessory Nerve to Hypoglossal Nerve, Open Approach'),
(34, '22', 'Wrangler', 'Dilation of Right Internal Iliac Artery, Bifurcation, with Drug-eluting Intraluminal Device, Percutaneous Endoscopic Approach'),
(35, '361', 'MKS', 'Reposition Left Radius with Monoplanar External Fixation Device, Open Approach'),
(36, '313', 'Express 2500', 'Removal of Infusion Device from Left Hip Joint, External Approach'),
(37, '157', 'A6', 'Excision of Left Lower Leg, Open Approach, Diagnostic'),
(38, '4', 'Suburban 1500', 'Insertion of Radioactive Element into Left Lower Leg, Percutaneous Approach'),
(39, '69', 'Savana 3500', 'Insertion of Artificial Sphincter into Anus, Percutaneous Approach'),
(40, '5', 'Sierra 3500HD', 'Insertion of Radioactive Element into Oral Cavity and Throat, Open Approach'),
(41, '235', 'M-Class', 'Supplement Cecum with Nonautologous Tissue Substitute, Open Approach'),
(42, '2', 'SL-Class', 'Transplantation of Gastrointestinal System into Products of Conception, Percutaneous Endoscopic Approach'),
(43, '481', 'CL-Class', 'Replacement of Right Axillary Artery with Synthetic Substitute, Percutaneous Endoscopic Approach'),
(44, '388', 'Aerostar', 'Computerized Tomography (CT Scan) of Bilateral Kidneys using High Osmolar Contrast'),
(45, '573', 'X6 M', 'Bypass Abdominal Aorta to Left Renal Artery with Autologous Arterial Tissue, Open Approach'),
(46, '571', '3500', 'Inspection of Mesentery, Open Approach'),
(47, '180', 'E-Class', 'Fluoroscopy of Small Bowel'),
(48, '218', 'Legacy', 'Excision of Right Lower Femur, Open Approach'),
(49, '265', 'Corrado', 'Excision of Lumbar Nerve, Percutaneous Endoscopic Approach, Diagnostic'),
(50, '432', 'TSX', 'Release Facial Nerve, Percutaneous Endoscopic Approach');

-- --------------------------------------------------------

--
-- Estructura de tabla para la tabla `parejas`
--

CREATE TABLE IF NOT EXISTS `parejas` (
  `id_capitan` varchar(9) NOT NULL,
  `id_pareja` varchar(9) NOT NULL,
  `campeonato_id` int(4) NOT NULL,
  `id_grupo` int(4) NOT NULL,
  `tipo` enum('MASC','FEM','MIXTO') NOT NULL,
  `nivel` int(2) NOT NULL,
  `puntuacion` int(2) NOT NULL,
  `clasificado` tinyint(1) NOT NULL,
  PRIMARY KEY (`id_capitan`,`id_pareja`,`campeonato_id`, `id_grupo`) USING BTREE,
  KEY `pareja_ibfk_3` (`id_pareja`),
  KEY `pareja_ibfk_1` (`campeonato_id`)
) ENGINE=InnoDB DEFAULT CHARSET=utf8;

--
-- Volcado de datos para la tabla `parejas`
--

INSERT INTO `parejas` (`id_capitan`, `id_pareja`, `campeonato_id`, `id_grupo`, `tipo`, `nivel`, `puntuacion`, `clasificado`) VALUES
('103', '553', 56, 90, 'FEM', 81, 78, 0),
('120', '10', 32, 199, 'FEM', 40, 26, 0),
('13', '467', 188, 137, 'MASC', 68, 36, 0),
('130', '36', 180, 20, 'FEM', 26, 69, 0),
('144', '235', 25, 198, 'MASC', 19, 83, 0),
('149', '353', 97, 146, 'MASC', 76, 33, 0),
('15', '350', 163, 157, 'FEM', 1, 27, 0),
('152', '24', 78, 10, 'MASC', 9, 52, 0),
('160', '476', 138, 143, 'MASC', 73, 35, 0),
('166', '23', 111, 200, 'FEM', 85, 94, 0),
('174', '212', 54, 128, 'FEM', 48, 37, 0),
('176', '79', 169, 20, 'MASC', 90, 46, 0),
('181', '275', 168, 149, 'MASC', 24, 5, 0),
('199', '114', 38, 19, 'FEM', 18, 32, 0),
('200', '224', 167, 108, 'FEM', 21, 37, 0),
('202', '37', 60, 139, 'MASC', 40, 73, 0),
('211', '424', 30, 192, 'FEM', 32, 38, 0),
('213', '103', 144, 113, 'FEM', 92, 65, 0),
('218', '242', 188, 187, 'MASC', 68, 39, 0),
('223', '167', 117, 44, 'FEM', 24, 21, 0),
('23', '316', 59, 189, 'MASC', 57, 76, 0),
('234', '460', 56, 91, 'FEM', 80, 35, 0),
('237', '286', 52, 180, 'FEM', 68, 13, 0),
('240', '439', 57, 111, 'FEM', 8, 77, 0),
('241', '166', 15, 138, 'FEM', 41, 41, 0),
('242', '17', 60, 124, 'MASC', 40, 69, 0),
('242', '357', 27, 116, 'FEM', 22, 74, 0),
('25', '429', 85, 3, 'MASC', 88, 37, 0),
('267', '164', 105, 55, 'MASC', 79, 59, 0),
('270', '331', 147, 185, 'MASC', 80, 29, 0),
('273', '139', 105, 21, 'MASC', 75, 14, 0),
('279', '59', 144, 113, 'FEM', 92, 5, 0),
('28', '277', 192, 154, 'FEM', 57, 31, 0),
('285', '340', 92, 12, 'FEM', 81, 21, 0),
('290', '526', 157, 146, 'FEM', 36, 14, 0),
('292', '362', 22, 146, 'MASC', 86, 67, 0),
('304', '32', 188, 45, 'FEM', 96, 2, 0),
('312', '238', 192, 53, 'FEM', 57, 74, 0),
('312', '4', 96, 120, 'FEM', 54, 89, 0),
('313', '135', 8, 30, 'MASC', 50, 49, 0),
('314', '178', 181, 83, 'MASC', 73, 80, 0),
('314', '344', 95, 185, 'FEM', 16, 71, 0),
('315', '486', 177, 71, 'FEM', 37, 36, 0),
('318', '475', 17, 59, 'FEM', 36, 94, 0),
('325', '107', 108, 181, 'FEM', 87, 73, 0),
('328', '469', 147, 182, 'FEM', 37, 79, 0),
('336', '130', 69, 135, 'FEM', 49, 37, 0),
('336', '165', 93, 149, 'FEM', 65, 74, 0),
('336', '269', 81, 77, 'FEM', 82, 36, 0),
('355', '477', 20, 64, 'MASC', 10, 23, 0),
('367', '504', 57, 17, 'MASC', 51, 35, 0),
('367', '556', 52, 73, 'FEM', 68, 90, 0),
('369', '170', 102, 189, 'FEM', 76, 66, 0),
('384', '465', 78, 192, 'MASC', 9, 59, 0),
('398', '53', 163, 181, 'FEM', 38, 24, 0),
('41', '476', 188, 194, 'MASC', 68, 28, 0),
('413', '12', 45, 145, 'FEM', 19, 22, 0),
('415', '335', 116, 136, 'FEM', 12, 91, 0),
('416', '390', 102, 194, 'FEM', 76, 58, 0),
('418', '235', 152, 9, 'FEM', 90, 7, 0),
('424', '137', 29, 63, 'FEM', 17, 3, 0),
('429', '461', 105, 1, 'FEM', 25, 78, 0),
('430', '251', 28, 54, 'MASC', 22, 19, 0),
('434', '212', 53, 12, 'FEM', 43, 89, 0),
('436', '337', 23, 108, 'FEM', 93, 10, 0),
('441', '234', 15, 166, 'FEM', 41, 82, 0),
('45', '281', 192, 92, 'FEM', 57, 57, 0),
('450', '516', 105, 46, 'MASC', 75, 19, 0),
('464', '335', 114, 20, 'FEM', 99, 23, 0),
('483', '166', 166, 73, 'FEM', 74, 18, 0),
('484', '154', 49, 69, 'FEM', 86, 74, 0),
('487', '552', 59, 101, 'MASC', 57, 79, 0),
('495', '21', 57, 158, 'FEM', 8, 71, 0),
('505', '184', 158, 117, 'MASC', 91, 70, 0),
('506', '1', 148, 5, 'MASC', 89, 26, 0),
('509', '40', 169, 50, 'MASC', 90, 34, 0),
('515', '589', 108, 122, 'MASC', 7, 91, 0),
('52', '294', 179, 121, 'FEM', 40, 64, 0),
('520', '400', 17, 188, 'FEM', 59, 28, 0),
('522', '394', 110, 75, 'FEM', 78, 43, 0),
('523', '87', 69, 88, 'MASC', 74, 40, 0),
('524', '364', 169, 27, 'MASC', 90, 68, 0),
('530', '593', 60, 91, 'MASC', 40, 51, 0),
('538', '441', 37, 181, 'FEM', 90, 41, 0),
('546', '267', 129, 47, 'MASC', 50, 77, 0),
('551', '479', 27, 159, 'FEM', 22, 54, 0),
('557', '13', 180, 85, 'MASC', 3, 71, 0),
('562', '240', 195, 200, 'MASC', 22, 18, 0),
('567', '11', 175, 61, 'FEM', 3, 46, 0),
('584', '122', 151, 181, 'FEM', 96, 37, 0),
('593', '364', 52, 78, 'FEM', 68, 57, 0),
('596', '253', 188, 181, 'FEM', 96, 78, 0),
('64', '464', 78, 175, 'FEM', 98, 46, 0),
('73', '417', 168, 160, 'MASC', 24, 38, 0),
('74', '116', 151, 102, 'FEM', 96, 58, 0),
('74', '416', 59, 81, 'MASC', 57, 28, 0),
('84', '534', 114, 56, 'FEM', 99, 67, 0),
('86', '258', 129, 189, 'MASC', 4, 45, 0),
('96', '570', 138, 40, 'MASC', 73, 52, 0),
('98', '460', 108, 110, 'FEM', 87, 56, 0);

-- --------------------------------------------------------

--
-- Estructura de tabla para la tabla `parejas_disputan_enfrentamiento`
--

CREATE TABLE IF NOT EXISTS `parejas_disputan_enfrentamiento` (
  `id_capitan` varchar(9) NOT NULL,
  `id_pareja` varchar(9) NOT NULL,
  `campeonato_id` int(4) NOT NULL,
  `id_enfrentamiento` int(6) NOT NULL,
  PRIMARY KEY (`id_capitan`,`id_pareja`,`campeonato_id`,`id_enfrentamiento`),
  KEY `parDisEnf_ibfk_1` (`campeonato_id`),
  KEY `parDisEnf_ibfk_3` (`id_pareja`),
  KEY `parDisEnf_ibfk_4` (`id_enfrentamiento`)
) ENGINE=InnoDB DEFAULT CHARSET=utf8;

-- --------------------------------------------------------

--
-- Estructura de tabla para la tabla `partidos`
--

CREATE TABLE IF NOT EXISTS `partidos` (
  `usuario_id` varchar(9) NOT NULL,
  `usuario_id2` varchar(9) NOT NULL,
  `usuario_id3` varchar(9) NOT NULL,
  `usuario_id4` varchar(9) NOT NULL,
  `hora` time NOT NULL,
  PRIMARY KEY (`usuario_id`,`usuario_id2`,`usuario_id3`,`usuario_id4`),
  KEY `partido_ibfk_2` (`usuario_id2`),
  KEY `partido_ibfk_3` (`usuario_id3`),
  KEY `partido_ibfk_4` (`usuario_id4`)
) ENGINE=InnoDB DEFAULT CHARSET=utf8;

--
-- Volcado de datos para la tabla `partidos`
--

INSERT INTO `partidos` (`usuario_id`, `usuario_id2`, `usuario_id3`, `usuario_id4`, `hora`) VALUES
('101', '384', '442', '491', '02:21:00'),
('110', '19', '54', '464', '08:11:00'),
('116', '388', '253', '213', '09:41:00'),
('128', '96', '553', '15', '09:08:00'),
('130', '166', '555', '87', '04:19:00'),
('139', '443', '178', '241', '07:08:00'),
('143', '333', '343', '318', '10:16:00'),
('148', '93', '169', '316', '01:44:00'),
('149', '561', '576', '115', '01:15:00'),
('152', '178', '22', '285', '02:50:00'),
('155', '543', '362', '82', '02:42:00'),
('162', '314', '565', '378', '08:43:00'),
('163', '46', '292', '32', '06:20:00'),
('164', '46', '84', '159', '03:27:00'),
('180', '533', '533', '463', '10:31:00'),
('182', '4', '499', '334', '06:51:00'),
('191', '44', '490', '157', '10:57:00'),
('210', '239', '374', '515', '09:57:00'),
('222', '253', '56', '508', '12:06:00'),
('223', '78', '4', '281', '06:45:00'),
('224', '110', '66', '266', '11:43:00'),
('234', '354', '309', '300', '02:39:00'),
('234', '591', '438', '484', '09:49:00'),
('247', '198', '597', '74', '09:57:00'),
('253', '288', '99', '461', '07:21:00'),
('261', '487', '469', '234', '05:03:00'),
('271', '166', '467', '392', '09:50:00'),
('276', '431', '410', '112', '05:56:00'),
('28', '462', '186', '367', '10:29:00'),
('300', '281', '312', '436', '11:34:00'),
('308', '106', '68', '10', '07:35:00'),
('31', '289', '527', '36', '01:26:00'),
('332', '140', '151', '539', '05:49:00'),
('342', '4', '490', '410', '10:55:00'),
('355', '477', '453', '314', '08:12:00'),
('357', '19', '364', '61', '11:30:00'),
('36', '98', '19', '423', '10:00:00'),
('364', '267', '397', '493', '01:45:00'),
('370', '453', '209', '356', '09:26:00'),
('372', '516', '80', '7', '11:47:00'),
('380', '238', '419', '244', '08:47:00'),
('381', '356', '573', '310', '06:19:00'),
('391', '210', '198', '239', '10:42:00'),
('392', '169', '566', '446', '05:56:00'),
('397', '578', '194', '159', '03:59:00'),
('401', '264', '490', '361', '09:40:00'),
('401', '469', '85', '282', '05:32:00'),
('404', '191', '563', '412', '01:29:00'),
('410', '49', '529', '261', '02:18:00'),
('412', '368', '377', '285', '07:01:00'),
('416', '103', '73', '218', '07:21:00'),
('416', '169', '414', '344', '09:52:00'),
('427', '588', '196', '318', '08:47:00'),
('428', '344', '124', '361', '07:35:00'),
('431', '65', '445', '444', '02:17:00'),
('433', '545', '66', '221', '01:40:00'),
('441', '117', '38', '256', '03:30:00'),
('457', '352', '364', '335', '08:53:00'),
('459', '6', '88', '293', '05:06:00'),
('466', '233', '110', '229', '11:41:00'),
('468', '333', '61', '53', '01:11:00'),
('471', '16', '192', '491', '04:46:00'),
('472', '337', '495', '491', '03:33:00'),
('485', '280', '106', '502', '04:02:00'),
('489', '398', '139', '368', '08:16:00'),
('500', '462', '48', '29', '03:56:00'),
('512', '257', '357', '134', '10:19:00'),
('512', '355', '331', '308', '04:49:00'),
('538', '497', '172', '282', '01:09:00'),
('55', '231', '96', '64', '03:43:00'),
('564', '359', '565', '270', '11:56:00'),
('565', '513', '170', '233', '06:37:00'),
('590', '327', '389', '64', '10:11:00'),
('6', '61', '385', '98', '07:55:00'),
('61', '1', '546', '586', '02:55:00');

-- --------------------------------------------------------

--
-- Estructura de tabla para la tabla `pistas`
--

CREATE TABLE IF NOT EXISTS `pistas` (
  `num_pista` int(2) NOT NULL AUTO_INCREMENT,
  `tipo` enum('PIEDRA','MOQUETA') CHARACTER SET latin1 NOT NULL,
  `lugar` enum('EXTERIOR','INTERIOR') CHARACTER SET latin1 NOT NULL,
  PRIMARY KEY (`num_pista`)
) ENGINE=InnoDB AUTO_INCREMENT=36 DEFAULT CHARSET=utf8;

--
-- Volcado de datos para la tabla `pistas`
--

INSERT INTO `pistas` (`num_pista`, `tipo`, `lugar`) VALUES
(1, 'PIEDRA', 'EXTERIOR'),
(2, 'PIEDRA', 'EXTERIOR'),
(3, 'PIEDRA', 'INTERIOR'),
(4, 'MOQUETA', 'EXTERIOR'),
(5, 'MOQUETA', 'EXTERIOR'),
(6, 'PIEDRA', 'EXTERIOR'),
(7, 'MOQUETA', 'INTERIOR'),
(8, 'PIEDRA', 'EXTERIOR'),
(9, 'MOQUETA', 'INTERIOR'),
(10, 'PIEDRA', 'INTERIOR'),
(11, 'PIEDRA', 'EXTERIOR'),
(12, 'MOQUETA', 'EXTERIOR'),
(13, 'MOQUETA', 'EXTERIOR'),
(14, 'PIEDRA', 'EXTERIOR'),
(15, 'MOQUETA', 'INTERIOR'),
(16, 'MOQUETA', 'INTERIOR'),
(17, 'PIEDRA', 'INTERIOR'),
(18, 'MOQUETA', 'EXTERIOR'),
(19, 'MOQUETA', 'EXTERIOR'),
(20, 'PIEDRA', 'INTERIOR'),
(21, 'MOQUETA', 'INTERIOR'),
(22, 'PIEDRA', 'INTERIOR'),
(23, 'MOQUETA', 'EXTERIOR'),
(24, 'PIEDRA', 'INTERIOR'),
(25, 'PIEDRA', 'INTERIOR'),
(26, 'PIEDRA', 'INTERIOR'),
(27, 'PIEDRA', 'INTERIOR'),
(28, 'PIEDRA', 'EXTERIOR'),
(29, 'MOQUETA', 'INTERIOR'),
(30, 'PIEDRA', 'EXTERIOR'),
(31, 'PIEDRA', 'EXTERIOR'),
(32, 'PIEDRA', 'INTERIOR'),
(33, 'MOQUETA', 'EXTERIOR'),
(34, 'MOQUETA', 'EXTERIOR'),
(35, 'PIEDRA', 'INTERIOR');

-- --------------------------------------------------------

--
-- Estructura de tabla para la tabla `reservas`
--

CREATE TABLE IF NOT EXISTS `reservas` (
  `id_usuario` varchar(9) NOT NULL,
  `id_pista` int(2) NOT NULL,
  `hora` int(2) NOT NULL,
  `fecha` date NOT NULL,
  PRIMARY KEY (`id_usuario`,`id_pista`,`hora`,`fecha`),
  KEY `reserva_ibfk_1` (`id_pista`)
) ENGINE=InnoDB DEFAULT CHARSET=utf8;

--
-- Volcado de datos para la tabla `reservas`
--

INSERT INTO `reservas` (`id_usuario`, `id_pista`, `hora`, `fecha`) VALUES
('135', 1, 7, '2019-06-02'),
('149', 14, 2, '2019-04-17'),
('193', 20, 7, '2018-10-28'),
('204', 1, 3, '2019-10-27'),
('205', 11, 2, '2019-08-09'),
('219', 19, 3, '2019-02-02'),
('26', 24, 5, '2019-08-04'),
('326', 29, 5, '2019-10-12'),
('337', 3, 7, '2019-02-28'),
('387', 5, 5, '2019-04-10'),
('391', 11, 4, '2019-04-13'),
('426', 24, 5, '2019-06-17'),
('462', 35, 5, '2019-02-22'),
('495', 13, 7, '2019-06-23'),
('517', 13, 5, '2019-05-01'),
('531', 9, 6, '2019-08-01'),
('544', 20, 1, '2019-06-04'),
('562', 4, 4, '2019-04-27'),
('574', 34, 6, '2019-05-21'),
('587', 33, 6, '2019-10-27');

-- --------------------------------------------------------

--
-- Estructura de tabla para la tabla `usuarios`
--

CREATE TABLE IF NOT EXISTS `usuarios` (
  `dni` varchar(9) NOT NULL,
  `nombre` varchar(10) NOT NULL,
  `apellido` varchar(20) NOT NULL,
  `email` varchar(20) NOT NULL,
  `sexo` enum('MASC','FEM') NOT NULL,
  `telefono` int(12) NOT NULL,
  `rol` enum('ADMIN','DEPORTISTA','PROFESOR') NOT NULL,
  `numero_pistas` int(1) NOT NULL DEFAULT 0,
  PRIMARY KEY (`dni`)
) ENGINE=InnoDB DEFAULT CHARSET=utf8;

--
-- Volcado de datos para la tabla `usuarios`
--

INSERT INTO `usuarios` (`dni`, `nombre`, `apellido`, `email`, `sexo`, `telefono`, `rol`, `numero_pistas`) VALUES
('1', 'Allard', 'Perle', 'aperle0@vimeo.com', 'MASC', 6118, 'DEPORTISTA', 0),
('10', 'Lauralee', 'Maxsted', 'lmaxsted9@bravesites', 'FEM', 230221, 'DEPORTISTA', 0),
('100', 'Malvin', 'Scurrah', 'mscurrah2r@huffingto', 'FEM', 51140, 'DEPORTISTA', 0),
('101', 'Netta', 'Lycett', 'nlycett2s@cbslocal.c', 'FEM', 234250, 'DEPORTISTA', 0),
('102', 'Bess', 'Medendorp', 'bmedendorp2t@gmpg.or', 'FEM', 3127, 'PROFESOR', 0),
('103', 'Kane', 'Daniely', 'kdaniely2u@bloomberg', 'FEM', 19685, 'PROFESOR', 0),
('104', 'Marlee', 'Gavaghan', 'mgavaghan2v@national', 'MASC', 108233, 'ADMIN', 0),
('105', 'Turner', 'Gristhwaite', 'tgristhwaite2w@apach', 'FEM', 68142, 'DEPORTISTA', 0),
('106', 'Amalie', 'Rivelon', 'arivelon2x@dion.ne.j', 'MASC', 99219, 'ADMIN', 0),
('107', 'Keen', 'Georgeot', 'kgeorgeot2y@msu.edu', 'MASC', 106145, 'PROFESOR', 0),
('108', 'Conny', 'Mussetti', 'cmussetti2z@foxnews.', 'FEM', 76231, 'DEPORTISTA', 0),
('109', 'Dukey', 'Pawling', 'dpawling30@theguardi', 'FEM', 66114, 'DEPORTISTA', 0),
('11', 'Benetta', 'Ochterlony', 'bochterlonya@twitpic', 'MASC', 226107, 'PROFESOR', 0),
('110', 'Helene', 'Pharrow', 'hpharrow31@linkedin.', 'FEM', 198160, 'DEPORTISTA', 0),
('111', 'Dannie', 'Torres', 'dtorres32@ftc.gov', 'FEM', 13678, 'PROFESOR', 0),
('112', 'Kiersten', 'Clawsley', 'kclawsley33@ucla.edu', 'MASC', 130150, 'ADMIN', 0),
('113', 'Kali', 'Lindsley', 'klindsley34@bloglovi', 'MASC', 5858, 'PROFESOR', 0),
('114', 'Evangelin', 'Colquitt', 'ecolquitt35@theglobe', 'MASC', 11468, 'PROFESOR', 0),
('115', 'Odie', 'Bibby', 'obibby36@people.com.', 'FEM', 158186, 'ADMIN', 0),
('116', 'Doralynn', 'Scrimshaw', 'dscrimshaw37@sbwire.', 'FEM', 5254, 'DEPORTISTA', 0),
('117', 'Rosalind', 'Di Lucia', 'rdilucia38@aol.com', 'FEM', 24780, 'ADMIN', 0),
('118', 'Amalia', 'Majury', 'amajury39@nature.com', 'FEM', 25168, 'DEPORTISTA', 0),
('119', 'Nicky', 'Baccus', 'nbaccus3a@simplemach', 'FEM', 251212, 'PROFESOR', 0),
('12', 'Vonni', 'Conradie', 'vconradieb@technorat', 'FEM', 204111, 'PROFESOR', 0),
('120', 'Olga', 'Rickerby', 'orickerby3b@ameblo.j', 'FEM', 173248, 'PROFESOR', 0),
('121', 'Gwen', 'Mc Pake', 'gmcpake3c@army.mil', 'MASC', 180193, 'DEPORTISTA', 0),
('122', 'Annabal', 'Kester', 'akester3d@t.co', 'MASC', 33236, 'DEPORTISTA', 0),
('123', 'Cody', 'Goodier', 'cgoodier3e@google.pl', 'MASC', 2463, 'DEPORTISTA', 0),
('124', 'Griselda', 'Btham', 'gbtham3f@china.com.c', 'MASC', 122251, 'DEPORTISTA', 0),
('125', 'Hamilton', 'Kenafaque', 'hkenafaque3g@dyndns.', 'MASC', 188238, 'DEPORTISTA', 0),
('126', 'Myrilla', 'Claris', 'mclaris3h@hugedomain', 'FEM', 251244, 'DEPORTISTA', 0),
('127', 'Andre', 'Wingate', 'awingate3i@ezinearti', 'FEM', 196120, 'PROFESOR', 0),
('128', 'Alis', 'Ert', 'aert3j@wunderground.', 'MASC', 123112, 'ADMIN', 0),
('129', 'Georgeanne', 'Langlands', 'glanglands3k@moonfru', 'FEM', 233182, 'PROFESOR', 0),
('13', 'Elisa', 'Shayler', 'eshaylerc@tripadviso', 'FEM', 52176, 'PROFESOR', 0),
('130', 'Maribeth', 'Embra', 'membra3l@sciencedire', 'FEM', 24196, 'DEPORTISTA', 0),
('131', 'Will', 'Vasichev', 'wvasichev3m@washingt', 'MASC', 18074, 'PROFESOR', 0),
('132', 'Wendy', 'Kinman', 'wkinman3n@aboutads.i', 'MASC', 248251, 'DEPORTISTA', 0),
('133', 'Brennen', 'Carlton', 'bcarlton3o@ebay.co.u', 'MASC', 2354, 'PROFESOR', 0),
('134', 'Pavia', 'Winterflood', 'pwinterflood3p@micro', 'MASC', 17537, 'DEPORTISTA', 0),
('135', 'Letitia', 'Mapis', 'lmapis3q@taobao.com', 'FEM', 26251, 'PROFESOR', 0),
('136', 'Saraann', 'Perceval', 'sperceval3r@google.c', 'MASC', 19182, 'PROFESOR', 0),
('137', 'Berkeley', 'Duffett', 'bduffett3s@purevolum', 'FEM', 1395, 'DEPORTISTA', 0),
('138', 'Nilson', 'Kennerley', 'nkennerley3t@youku.c', 'MASC', 181122, 'PROFESOR', 0),
('139', 'Jermaine', 'Beniesh', 'jbeniesh3u@nationalg', 'FEM', 138151, 'ADMIN', 0),
('14', 'Antonetta', 'Childes', 'achildesd@php.net', 'FEM', 211162, 'PROFESOR', 0),
('140', 'Shurlocke', 'Odo', 'sodo3v@hao123.com', 'MASC', 14251, 'PROFESOR', 0),
('141', 'Milt', 'Millington', 'mmillington3w@house.', 'MASC', 18238, 'PROFESOR', 0),
('142', 'Rosalia', 'Kidd', 'rkidd3x@nature.com', 'MASC', 10691, 'PROFESOR', 0),
('143', 'Corilla', 'Huff', 'chuff3y@npr.org', 'MASC', 21554, 'ADMIN', 0),
('144', 'Tadio', 'Hollyman', 'thollyman3z@patch.co', 'MASC', 9184, 'DEPORTISTA', 0),
('145', 'Shana', 'Durrad', 'sdurrad40@hc360.com', 'MASC', 22211, 'DEPORTISTA', 0),
('146', 'Isac', 'Eilhertsen', 'ieilhertsen41@auda.o', 'MASC', 13370, 'PROFESOR', 0),
('147', 'Farr', 'Benadette', 'fbenadette42@weebly.', 'FEM', 16687, 'ADMIN', 0),
('148', 'Yvette', 'Setchell', 'ysetchell43@census.g', 'MASC', 121197, 'PROFESOR', 0),
('149', 'Rori', 'Dagger', 'rdagger44@alexa.com', 'MASC', 182240, 'PROFESOR', 0),
('15', 'Aida', 'Talkington', 'atalkingtone@cbsnews', 'FEM', 10256, 'PROFESOR', 0),
('150', 'Clary', 'Godthaab', 'cgodthaab45@telegrap', 'MASC', 10574, 'ADMIN', 0),
('151', 'Rupert', 'Siggin', 'rsiggin46@nsw.gov.au', 'MASC', 2352, 'PROFESOR', 0),
('152', 'Melonie', 'Steward', 'msteward47@addthis.c', 'FEM', 194133, 'ADMIN', 0),
('153', 'Luciano', 'Pablos', 'lpablos48@twitter.co', 'FEM', 107155, 'PROFESOR', 0),
('154', 'Hubey', 'Pinn', 'hpinn49@mtv.com', 'FEM', 202188, 'DEPORTISTA', 0),
('155', 'Marcelle', 'Hayesman', 'mhayesman4a@godaddy.', 'FEM', 3994, 'ADMIN', 0),
('156', 'Lacy', 'Cancelier', 'lcancelier4b@time.co', 'MASC', 12159, 'DEPORTISTA', 0),
('157', 'Faustine', 'Balogun', 'fbalogun4c@pen.io', 'FEM', 6695, 'ADMIN', 0),
('158', 'Chanda', 'Ronisch', 'cronisch4d@nymag.com', 'FEM', 216251, 'PROFESOR', 0),
('159', 'Aaren', 'Leblanc', 'aleblanc4e@github.co', 'FEM', 6875, 'ADMIN', 0),
('16', 'Seline', 'Baly', 'sbalyf@google.co.uk', 'FEM', 11541, 'PROFESOR', 0),
('160', 'Dyanne', 'Abbes', 'dabbes4f@ning.com', 'FEM', 5668, 'ADMIN', 0),
('161', 'Karoly', 'Kitchiner', 'kkitchiner4g@springe', 'FEM', 2768, 'PROFESOR', 0),
('162', 'Malva', 'Micah', 'mmicah4h@psu.edu', 'FEM', 156197, 'DEPORTISTA', 0),
('163', 'Arv', 'Macken', 'amacken4i@cpanel.net', 'FEM', 121255, 'DEPORTISTA', 0),
('164', 'Kenon', 'Ettles', 'kettles4j@abc.net.au', 'MASC', 58150, 'ADMIN', 0),
('165', 'Parke', 'Eskrigge', 'peskrigge4k@instagra', 'FEM', 159174, 'PROFESOR', 0),
('166', 'Nonah', 'Blacklidge', 'nblacklidge4l@tinyur', 'FEM', 206122, 'ADMIN', 0),
('167', 'Terencio', 'McMurtyr', 'tmcmurtyr4m@eventbri', 'MASC', 160191, 'ADMIN', 0),
('168', 'Bendix', 'MacGray', 'bmacgray4n@ustream.t', 'FEM', 209163, 'DEPORTISTA', 0),
('169', 'Tamas', 'Parade', 'tparade4o@paginegial', 'MASC', 219107, 'PROFESOR', 0),
('17', 'Sheri', 'Nyles', 'snylesg@walmart.com', 'MASC', 32196, 'ADMIN', 0),
('170', 'Cori', 'Slowan', 'cslowan4p@imdb.com', 'FEM', 7945, 'PROFESOR', 0),
('171', 'Kelvin', 'Aynsley', 'kaynsley4q@chron.com', 'FEM', 81128, 'DEPORTISTA', 0),
('172', 'Alie', 'Emm', 'aemm4r@baidu.com', 'MASC', 5499, 'DEPORTISTA', 0),
('173', 'Chickie', 'Buston', 'cbuston4s@ihg.com', 'MASC', 5340, 'ADMIN', 0),
('174', 'Cybill', 'MacGillivrie', 'cmacgillivrie4t@ted.', 'FEM', 19165, 'PROFESOR', 0),
('175', 'Merwin', 'Peakman', 'mpeakman4u@pinterest', 'FEM', 83106, 'PROFESOR', 0),
('176', 'Lance', 'Aire', 'laire4v@bbc.co.uk', 'MASC', 241178, 'PROFESOR', 0),
('177', 'Shandie', 'Snar', 'ssnar4w@tiny.cc', 'MASC', 163112, 'DEPORTISTA', 0),
('178', 'Dody', 'Greatorex', 'dgreatorex4x@google.', 'FEM', 21762, 'PROFESOR', 0),
('179', 'Jennine', 'Pena', 'jpena4y@columbia.edu', 'MASC', 247151, 'ADMIN', 0),
('18', 'Friedrick', 'Beese', 'fbeeseh@marriott.com', 'MASC', 25434, 'DEPORTISTA', 0),
('180', 'Valli', 'Klauber', 'vklauber4z@ovh.net', 'MASC', 184121, 'PROFESOR', 0),
('181', 'Shannan', 'Cyphus', 'scyphus50@howstuffwo', 'MASC', 37160, 'ADMIN', 0),
('182', 'Peadar', 'Philpot', 'pphilpot51@vinaora.c', 'FEM', 107128, 'DEPORTISTA', 0),
('183', 'Desmund', 'Lindeberg', 'dlindeberg52@opensou', 'FEM', 222100, 'PROFESOR', 0),
('184', 'Cesya', 'Bithany', 'cbithany53@state.gov', 'FEM', 53182, 'ADMIN', 0),
('185', 'Janos', 'Robelow', 'jrobelow54@noaa.gov', 'MASC', 138132, 'ADMIN', 0),
('186', 'Tove', 'Lawrey', 'tlawrey55@joomla.org', 'FEM', 30175, 'ADMIN', 0),
('187', 'Geoffrey', 'Fish', 'gfish56@kickstarter.', 'MASC', 178207, 'ADMIN', 0),
('188', 'Gibby', 'Fennelly', 'gfennelly57@toplist.', 'MASC', 12493, 'DEPORTISTA', 0),
('189', 'Wilmer', 'Walenta', 'wwalenta58@loc.gov', 'FEM', 195120, 'ADMIN', 0),
('19', 'Malissa', 'Collihole', 'mcolliholei@yellowbo', 'FEM', 128213, 'PROFESOR', 0),
('190', 'Webb', 'Piggford', 'wpiggford59@dedecms.', 'FEM', 5986, 'ADMIN', 0),
('191', 'Dedie', 'Mote', 'dmote5a@dailymotion.', 'MASC', 128186, 'ADMIN', 0),
('192', 'Christiane', 'Chiddy', 'cchiddy5b@senate.gov', 'FEM', 212157, 'ADMIN', 0),
('193', 'Mildrid', 'Cymper', 'mcymper5c@hubpages.c', 'FEM', 240173, 'ADMIN', 0),
('194', 'Emily', 'Tassell', 'etassell5d@elegantth', 'FEM', 1726, 'PROFESOR', 0),
('195', 'Jennica', 'Coker', 'jcoker5e@dedecms.com', 'FEM', 29155, 'DEPORTISTA', 0),
('196', 'North', 'Stronough', 'nstronough5f@yellowb', 'MASC', 64217, 'PROFESOR', 0),
('197', 'Caril', 'Halton', 'chalton5g@wikia.com', 'FEM', 127191, 'DEPORTISTA', 0),
('198', 'York', 'Thom', 'ythom5h@earthlink.ne', 'FEM', 125148, 'DEPORTISTA', 0),
('199', 'Raven', 'Saben', 'rsaben5i@cargocollec', 'FEM', 17878, 'DEPORTISTA', 0),
('2', 'Jaime', 'Hatch', 'jhatch1@privacy.gov.', 'FEM', 59255, 'PROFESOR', 0),
('20', 'Augusta', 'Keyzman', 'akeyzmanj@scribd.com', 'FEM', 10774, 'ADMIN', 0),
('200', 'Jerrilyn', 'Sandwith', 'jsandwith5j@miibeian', 'FEM', 18532, 'DEPORTISTA', 0),
('201', 'Aeriela', 'Gomersal', 'agomersal5k@histats.', 'FEM', 139119, 'PROFESOR', 0),
('202', 'Cherin', 'Andriuzzi', 'candriuzzi5l@webmd.c', 'FEM', 233154, 'PROFESOR', 0),
('203', 'Catlaina', 'McGiff', 'cmcgiff5m@shop-pro.j', 'MASC', 212246, 'DEPORTISTA', 0),
('204', 'Cynde', 'Yardley', 'cyardley5n@bizjourna', 'MASC', 130107, 'ADMIN', 0),
('205', 'Lewiss', 'Bealing', 'lbealing5o@delicious', 'FEM', 11569, 'ADMIN', 0),
('206', 'Dyan', 'Millar', 'dmillar5p@freewebs.c', 'FEM', 219213, 'DEPORTISTA', 0),
('207', 'Kathryn', 'Binning', 'kbinning5q@github.co', 'MASC', 16761, 'ADMIN', 0),
('208', 'Sissy', 'Eldred', 'seldred5r@newsvine.c', 'FEM', 198183, 'PROFESOR', 0),
('209', 'Ekaterina', 'Diplock', 'ediplock5s@fc2.com', 'MASC', 6149, 'DEPORTISTA', 0),
('21', 'Ami', 'Lancashire', 'alancashirek@netvibe', 'FEM', 3151, 'PROFESOR', 0),
('210', 'Gilda', 'Zannotti', 'gzannotti5t@domainma', 'FEM', 4472, 'ADMIN', 0),
('211', 'Cale', 'Donaher', 'cdonaher5u@prlog.org', 'FEM', 22536, 'ADMIN', 0),
('212', 'Rockie', 'Borman', 'rborman5v@nhs.uk', 'MASC', 9712, 'ADMIN', 0),
('213', 'Eberhard', 'Rogan', 'erogan5w@npr.org', 'MASC', 13576, 'DEPORTISTA', 0),
('214', 'Malchy', 'Maplesden', 'mmaplesden5x@qq.com', 'MASC', 156200, 'PROFESOR', 0),
('215', 'Floris', 'Burch', 'fburch5y@newyorker.c', 'FEM', 102140, 'ADMIN', 0),
('216', 'Brad', 'Dyton', 'bdyton5z@vkontakte.r', 'MASC', 5393, 'ADMIN', 0),
('217', 'Lanni', 'Ayers', 'layers60@nbcnews.com', 'FEM', 8380, 'PROFESOR', 0),
('218', 'Wynne', 'Huot', 'whuot61@globo.com', 'FEM', 83243, 'DEPORTISTA', 0),
('219', 'Rochell', 'Fernez', 'rfernez62@issuu.com', 'FEM', 23156, 'PROFESOR', 0),
('22', 'Addia', 'Pirozzi', 'apirozzil@umn.edu', 'FEM', 65134, 'DEPORTISTA', 0),
('220', 'Kelwin', 'Bonder', 'kbonder63@oracle.com', 'FEM', 2021, 'DEPORTISTA', 0),
('221', 'Faith', 'McCrory', 'fmccrory64@domainmar', 'FEM', 160240, 'PROFESOR', 0),
('222', 'Germayne', 'Duncan', 'gduncan65@bloglines.', 'FEM', 46194, 'ADMIN', 0),
('223', 'Ninnette', 'Tombling', 'ntombling66@themefor', 'FEM', 54196, 'ADMIN', 0),
('224', 'Sidoney', 'Copes', 'scopes67@de.vu', 'FEM', 168211, 'ADMIN', 0),
('225', 'Ty', 'Newall', 'tnewall68@nba.com', 'FEM', 171153, 'DEPORTISTA', 0),
('226', 'Sherlock', 'Bodleigh', 'sbodleigh69@senate.g', 'FEM', 163107, 'DEPORTISTA', 0),
('227', 'Mariann', 'McClean', 'mmcclean6a@jugem.jp', 'MASC', 21015, 'ADMIN', 0),
('228', 'Margy', 'Emsden', 'memsden6b@wikispaces', 'FEM', 144105, 'DEPORTISTA', 0),
('229', 'Kelwin', 'Franchioni', 'kfranchioni6c@domain', 'FEM', 220238, 'PROFESOR', 0),
('23', 'Lelia', 'Howey', 'lhoweym@usatoday.com', 'MASC', 107, 'PROFESOR', 0),
('230', 'Mable', 'Hardage', 'mhardage6d@prnewswir', 'MASC', 125, 'DEPORTISTA', 0),
('231', 'Winni', 'Mintram', 'wmintram6e@smh.com.a', 'FEM', 152242, 'DEPORTISTA', 0),
('232', 'Minny', 'Slade', 'mslade6f@hao123.com', 'FEM', 70199, 'ADMIN', 0),
('233', 'Dorian', 'Guinness', 'dguinness6g@tumblr.c', 'FEM', 181201, 'PROFESOR', 0),
('234', 'Corabella', 'Kirrens', 'ckirrens6h@baidu.com', 'MASC', 666, 'PROFESOR', 0),
('235', 'Kristal', 'Antao', 'kantao6i@apple.com', 'FEM', 239177, 'PROFESOR', 0),
('236', 'Filberto', 'Presman', 'fpresman6j@imageshac', 'FEM', 3057, 'DEPORTISTA', 0),
('237', 'Berkley', 'Winterburn', 'bwinterburn6k@harvar', 'FEM', 159243, 'ADMIN', 0),
('238', 'Bink', 'Meadley', 'bmeadley6l@hexun.com', 'FEM', 59237, 'PROFESOR', 0),
('239', 'Kristopher', 'Fike', 'kfike6m@deviantart.c', 'FEM', 221250, 'ADMIN', 0),
('24', 'Rikki', 'Sutworth', 'rsutworthn@last.fm', 'MASC', 13449, 'PROFESOR', 0),
('240', 'Fina', 'Moncrefe', 'fmoncrefe6n@usa.gov', 'MASC', 127251, 'DEPORTISTA', 0),
('241', 'Charlene', 'Scotchmer', 'cscotchmer6o@elpais.', 'FEM', 10556, 'PROFESOR', 0),
('242', 'Tait', 'Genn', 'tgenn6p@amazon.co.uk', 'FEM', 12082, 'ADMIN', 0),
('243', 'Meris', 'Saynor', 'msaynor6q@sfgate.com', 'FEM', 3410, 'DEPORTISTA', 0),
('244', 'Natividad', 'Wait', 'nwait6r@cnn.com', 'MASC', 2513, 'DEPORTISTA', 0),
('245', 'Bard', 'Steer', 'bsteer6s@imageshack.', 'FEM', 73120, 'PROFESOR', 0),
('246', 'Arlen', 'Hucklesby', 'ahucklesby6t@issuu.c', 'FEM', 1384, 'DEPORTISTA', 0),
('247', 'Ludvig', 'Wych', 'lwych6u@123-reg.co.u', 'FEM', 29111, 'PROFESOR', 0),
('248', 'Natasha', 'Cutting', 'ncutting6v@ihg.com', 'FEM', 167216, 'DEPORTISTA', 0),
('249', 'Gwenneth', 'Le Grand', 'glegrand6w@narod.ru', 'FEM', 14670, 'DEPORTISTA', 0),
('25', 'Dusty', 'Ciccoloi', 'dciccoloio@storify.c', 'MASC', 216144, 'ADMIN', 0),
('250', 'Ivett', 'Buttrum', 'ibuttrum6x@home.pl', 'FEM', 6327, 'DEPORTISTA', 0),
('251', 'Elise', 'Duny', 'eduny6y@hubpages.com', 'MASC', 136180, 'DEPORTISTA', 0),
('252', 'Randolph', 'Filasov', 'rfilasov6z@wikimedia', 'MASC', 8781, 'DEPORTISTA', 0),
('253', 'Portia', 'Rozea', 'prozea70@cnn.com', 'FEM', 23814, 'ADMIN', 0),
('254', 'Carter', 'Hyder', 'chyder71@amazon.co.u', 'MASC', 99114, 'PROFESOR', 0),
('255', 'Teresina', 'Tunnow', 'ttunnow72@opensource', 'FEM', 153144, 'ADMIN', 0),
('256', 'Nettle', 'Nangle', 'nnangle73@webmd.com', 'MASC', 48110, 'DEPORTISTA', 0),
('257', 'Zandra', 'Nizard', 'znizard74@yahoo.co.j', 'FEM', 122194, 'ADMIN', 0),
('258', 'Corrinne', 'Bygrave', 'cbygrave75@example.c', 'MASC', 85171, 'ADMIN', 0),
('259', 'Octavius', 'Studman', 'ostudman76@hud.gov', 'FEM', 20055, 'ADMIN', 0),
('26', 'Pooh', 'Justun', 'pjustunp@jigsy.com', 'FEM', 123, 'DEPORTISTA', 0),
('260', 'Stace', 'Eykelhof', 'seykelhof77@pbs.org', 'MASC', 1161, 'ADMIN', 0),
('261', 'Ancell', 'Welberry', 'awelberry78@ameblo.j', 'MASC', 14232, 'ADMIN', 0),
('262', 'Helaina', 'Urry', 'hurry79@timesonline.', 'MASC', 106150, 'PROFESOR', 0),
('263', 'Eleni', 'Martinelli', 'emartinelli7a@huffin', 'MASC', 13245, 'DEPORTISTA', 0),
('264', 'Dewitt', 'Kenny', 'dkenny7b@slashdot.or', 'FEM', 70209, 'PROFESOR', 0),
('265', 'Matt', 'Birdseye', 'mbirdseye7c@hexun.co', 'FEM', 9168, 'ADMIN', 0),
('266', 'Prescott', 'Kobsch', 'pkobsch7d@xinhuanet.', 'FEM', 175227, 'ADMIN', 0),
('267', 'Catlee', 'Getley', 'cgetley7e@senate.gov', 'FEM', 209137, 'PROFESOR', 0),
('268', 'Min', 'Lorain', 'mlorain7f@eepurl.com', 'MASC', 39225, 'ADMIN', 0),
('269', 'Karlyn', 'Laroze', 'klaroze7g@cocolog-ni', 'MASC', 48133, 'DEPORTISTA', 0),
('27', 'Georgy', 'Tours', 'gtoursq@ted.com', 'FEM', 51230, 'DEPORTISTA', 0),
('270', 'Hilary', 'Wellfare', 'hwellfare7h@phpbb.co', 'FEM', 143147, 'DEPORTISTA', 0),
('271', 'Bastien', 'Leisman', 'bleisman7i@msn.com', 'MASC', 165165, 'PROFESOR', 0),
('272', 'Aluin', 'Pickerin', 'apickerin7j@msn.com', 'FEM', 12421, 'DEPORTISTA', 0),
('273', 'Felipa', 'Portsmouth', 'fportsmouth7k@jugem.', 'FEM', 10220, 'PROFESOR', 0),
('274', 'Matthew', 'Munson', 'mmunson7l@last.fm', 'MASC', 3251, 'ADMIN', 0),
('275', 'Siouxie', 'Vassie', 'svassie7m@paginegial', 'FEM', 5129, 'ADMIN', 0),
('276', 'Terri', 'Fulleylove', 'tfulleylove7n@qq.com', 'FEM', 166115, 'ADMIN', 0),
('277', 'Mabel', 'Tight', 'mtight7o@nyu.edu', 'FEM', 11353, 'PROFESOR', 0),
('278', 'Camila', 'Gasken', 'cgasken7p@4shared.co', 'FEM', 83120, 'PROFESOR', 0),
('279', 'Pearla', 'Hewson', 'phewson7q@last.fm', 'MASC', 7183, 'DEPORTISTA', 0),
('28', 'Jarvis', 'Itzakovitz', 'jitzakovitzr@discuz.', 'MASC', 3376, 'ADMIN', 0),
('280', 'Joye', 'Sabine', 'jsabine7r@oakley.com', 'MASC', 14115, 'PROFESOR', 0),
('281', 'Jaymie', 'Reese', 'jreese7s@gizmodo.com', 'MASC', 22125, 'PROFESOR', 0),
('282', 'Gerardo', 'Hearty', 'ghearty7t@businesswi', 'FEM', 97166, 'ADMIN', 0),
('283', 'Norman', 'Ranald', 'nranald7u@hugedomain', 'FEM', 6334, 'DEPORTISTA', 0),
('284', 'Sissie', 'Stean', 'sstean7v@loc.gov', 'FEM', 21264, 'ADMIN', 0),
('285', 'Melanie', 'Lathee', 'mlathee7w@upenn.edu', 'FEM', 24118, 'DEPORTISTA', 0),
('286', 'Gerhardine', 'Merry', 'gmerry7x@usda.gov', 'MASC', 59153, 'DEPORTISTA', 0),
('287', 'Jasen', 'Souter', 'jsouter7y@newsvine.c', 'FEM', 22910, 'DEPORTISTA', 0),
('288', 'Dante', 'Fancott', 'dfancott7z@gnu.org', 'FEM', 14472, 'PROFESOR', 0),
('289', 'Else', 'Frogley', 'efrogley80@aol.com', 'FEM', 6028, 'ADMIN', 0),
('29', 'Louise', 'Abbets', 'labbetss@miibeian.go', 'MASC', 203249, 'PROFESOR', 0),
('290', 'Devon', 'Tenpenny', 'dtenpenny81@marriott', 'MASC', 248100, 'ADMIN', 0),
('291', 'Margot', 'Petrello', 'mpetrello82@unesco.o', 'MASC', 5107, 'PROFESOR', 0),
('292', 'Lina', 'Butterfill', 'lbutterfill83@yolasi', 'MASC', 16928, 'ADMIN', 0),
('293', 'Abbie', 'Golde', 'agolde84@rambler.ru', 'MASC', 2790, 'DEPORTISTA', 0),
('294', 'Cale', 'Pharrow', 'cpharrow85@live.com', 'FEM', 20413, 'DEPORTISTA', 0),
('295', 'Hercules', 'Fuke', 'hfuke86@sciencedaily', 'MASC', 233225, 'PROFESOR', 0),
('296', 'Gran', 'Redford', 'gredford87@irs.gov', 'FEM', 180110, 'PROFESOR', 0),
('297', 'Wilburt', 'Adin', 'wadin88@wordpress.or', 'MASC', 6052, 'PROFESOR', 0),
('298', 'Mariette', 'Corro', 'mcorro89@fc2.com', 'FEM', 56170, 'ADMIN', 0),
('299', 'Shanta', 'McKnockiter', 'smcknockiter8a@exami', 'FEM', 2217, 'DEPORTISTA', 0),
('3', 'Ddene', 'Patrone', 'dpatrone2@trellian.c', 'MASC', 150235, 'DEPORTISTA', 0),
('30', 'Lindsy', 'Ream', 'lreamt@multiply.com', 'MASC', 69196, 'ADMIN', 0),
('300', 'Wanda', 'Yeulet', 'wyeulet8b@mapquest.c', 'MASC', 5360, 'ADMIN', 0),
('301', 'Ware', 'Dyzart', 'wdyzart8c@theglobean', 'FEM', 13953, 'ADMIN', 0),
('302', 'Cathee', 'Guyet', 'cguyet8d@youtube.com', 'FEM', 151231, 'DEPORTISTA', 0),
('303', 'Robbert', 'Bridden', 'rbridden8e@pagespers', 'FEM', 98241, 'PROFESOR', 0),
('304', 'Etheline', 'Celli', 'ecelli8f@google.co.u', 'MASC', 1278, 'PROFESOR', 0),
('305', 'Freida', 'Lubbock', 'flubbock8g@apple.com', 'FEM', 46212, 'DEPORTISTA', 0),
('306', 'Angelia', 'Schenkel', 'aschenkel8h@globo.co', 'MASC', 25155, 'ADMIN', 0),
('307', 'Ninetta', 'Chantree', 'nchantree8i@trellian', 'FEM', 239173, 'DEPORTISTA', 0),
('308', 'Gardener', 'McKinna', 'gmckinna8j@wikia.com', 'MASC', 21214, 'DEPORTISTA', 0),
('309', 'Sorcha', 'Fullstone', 'sfullstone8k@discove', 'MASC', 22625, 'PROFESOR', 0),
('31', 'Silvester', 'Baldacchino', 'sbaldacchinou@usa.go', 'MASC', 10484, 'DEPORTISTA', 0),
('310', 'Thomasa', 'Blasdale', 'tblasdale8l@macromed', 'MASC', 19488, 'DEPORTISTA', 0),
('311', 'Karrie', 'Marguerite', 'kmarguerite8m@hatena', 'MASC', 71252, 'ADMIN', 0),
('312', 'Ophelie', 'Thynn', 'othynn8n@pcworld.com', 'FEM', 12238, 'PROFESOR', 0),
('313', 'Violetta', 'Klemt', 'vklemt8o@weibo.com', 'FEM', 171111, 'DEPORTISTA', 0),
('314', 'Karna', 'Boteman', 'kboteman8p@360.cn', 'MASC', 12673, 'ADMIN', 0),
('315', 'Allard', 'Klein', 'aklein8q@telegraph.c', 'FEM', 188141, 'ADMIN', 0),
('316', 'Sarita', 'Traylen', 'straylen8r@engadget.', 'MASC', 122183, 'ADMIN', 0),
('317', 'Minnie', 'Glasscoe', 'mglasscoe8s@phoca.cz', 'FEM', 32242, 'DEPORTISTA', 0),
('318', 'Dael', 'Washington', 'dwashington8t@slate.', 'MASC', 237125, 'PROFESOR', 0),
('319', 'Tiphany', 'Baline', 'tbaline8u@posterous.', 'FEM', 238252, 'PROFESOR', 0),
('32', 'Christina', 'Skeel', 'cskeelv@sina.com.cn', 'FEM', 113140, 'PROFESOR', 0),
('320', 'Tabbie', 'Somes', 'tsomes8v@oracle.com', 'MASC', 9658, 'PROFESOR', 0),
('321', 'Hunt', 'Welling', 'hwelling8w@freewebs.', 'FEM', 2491, 'DEPORTISTA', 0),
('322', 'Ame', 'Skowcraft', 'askowcraft8x@friendf', 'MASC', 211206, 'PROFESOR', 0),
('323', 'Zebulen', 'Grange', 'zgrange8y@loc.gov', 'FEM', 9814, 'PROFESOR', 0),
('324', 'Tobin', 'Farfalameev', 'tfarfalameev8z@ifeng', 'MASC', 20090, 'DEPORTISTA', 0),
('325', 'Lexine', 'Korn', 'lkorn90@pbs.org', 'MASC', 54162, 'PROFESOR', 0),
('326', 'Bekki', 'Rourke', 'brourke91@4shared.co', 'FEM', 208160, 'DEPORTISTA', 0),
('327', 'Hayes', 'Dewey', 'hdewey92@google.es', 'MASC', 141145, 'PROFESOR', 0),
('328', 'Bria', 'Rediers', 'brediers93@vinaora.c', 'MASC', 161203, 'DEPORTISTA', 0),
('329', 'Mia', 'Welham', 'mwelham94@fastcompan', 'MASC', 4123, 'ADMIN', 0),
('33', 'Perri', 'Battabee', 'pbattabeew@baidu.com', 'MASC', 57238, 'DEPORTISTA', 0),
('330', 'Allys', 'Nerger', 'anerger95@meetup.com', 'FEM', 2203, 'PROFESOR', 0),
('331', 'Margo', 'MacCarlich', 'mmaccarlich96@nba.co', 'MASC', 38244, 'DEPORTISTA', 0),
('332', 'Danny', 'MacFadzean', 'dmacfadzean97@google', 'MASC', 1755, 'PROFESOR', 0),
('333', 'Marmaduke', 'MacGiolla', 'mmacgiolla98@referen', 'MASC', 254151, 'ADMIN', 0),
('334', 'Kylynn', 'Chew', 'kchew99@exblog.jp', 'FEM', 145100, 'PROFESOR', 0),
('335', 'Fair', 'Pettie', 'fpettie9a@a8.net', 'MASC', 4852, 'ADMIN', 0),
('336', 'Kerstin', 'Chazier', 'kchazier9b@uiuc.edu', 'FEM', 224203, 'PROFESOR', 0),
('337', 'Andriette', 'Dunnet', 'adunnet9c@webnode.co', 'MASC', 18874, 'ADMIN', 0),
('338', 'Foss', 'Digg', 'fdigg9d@oaic.gov.au', 'MASC', 175107, 'DEPORTISTA', 0),
('339', 'Charmine', 'Stains', 'cstains9e@theglobean', 'MASC', 198227, 'ADMIN', 0),
('34', 'Armand', 'Warhurst', 'awarhurstx@berkeley.', 'MASC', 193142, 'DEPORTISTA', 0),
('340', 'Orlando', 'Ducastel', 'oducastel9f@squidoo.', 'FEM', 12366, 'DEPORTISTA', 0),
('341', 'Kennie', 'Gallaher', 'kgallaher9g@comcast.', 'MASC', 3240, 'DEPORTISTA', 0),
('342', 'Iris', 'Velte', 'ivelte9h@pinterest.c', 'FEM', 18159, 'ADMIN', 0),
('343', 'Beckie', 'Riccardi', 'briccardi9i@apache.o', 'FEM', 175185, 'PROFESOR', 0),
('344', 'Tomaso', 'Petrovsky', 'tpetrovsky9j@weibo.c', 'FEM', 22062, 'PROFESOR', 0),
('345', 'Jemima', 'Mattei', 'jmattei9k@census.gov', 'MASC', 212194, 'DEPORTISTA', 0),
('346', 'Gilbertina', 'Stickins', 'gstickins9l@plala.or', 'MASC', 14924, 'PROFESOR', 0),
('347', 'Janelle', 'Breeds', 'jbreeds9m@people.com', 'FEM', 21143, 'PROFESOR', 0),
('348', 'Neilla', 'Kasman', 'nkasman9n@51.la', 'FEM', 65109, 'ADMIN', 0),
('349', 'Maren', 'Woolvin', 'mwoolvin9o@weather.c', 'FEM', 9312, 'DEPORTISTA', 0),
('35', 'Elwyn', 'Hayhurst', 'ehayhursty@bloomberg', 'FEM', 246145, 'ADMIN', 0),
('350', 'Clint', 'Eustes', 'ceustes9p@bbb.org', 'FEM', 169171, 'DEPORTISTA', 0),
('351', 'Sydney', 'Elstone', 'selstone9q@creativec', 'FEM', 201242, 'ADMIN', 0),
('352', 'Tiffie', 'Warne', 'twarne9r@desdev.cn', 'FEM', 126236, 'DEPORTISTA', 0),
('353', 'Ryan', 'Featherstonhalgh', 'rfeatherstonhalgh9s@', 'FEM', 21977, 'ADMIN', 0),
('354', 'Tish', 'Chiles', 'tchiles9t@theglobean', 'MASC', 24759, 'DEPORTISTA', 0),
('355', 'Pollyanna', 'Kobke', 'pkobke9u@delicious.c', 'MASC', 26231, 'ADMIN', 0),
('356', 'Daryle', 'Dymott', 'ddymott9v@163.com', 'MASC', 225254, 'ADMIN', 0),
('357', 'Alphonso', 'Martynikhin', 'amartynikhin9w@accuw', 'MASC', 19056, 'ADMIN', 0),
('358', 'Kelli', 'Kuna', 'kkuna9x@woothemes.co', 'FEM', 3549, 'PROFESOR', 0),
('359', 'Isis', 'Andreoletti', 'iandreoletti9y@vk.co', 'FEM', 97211, 'DEPORTISTA', 0),
('36', 'Say', 'Crevagh', 'screvaghz@sourceforg', 'MASC', 210196, 'PROFESOR', 0),
('360', 'Lemuel', 'McAmish', 'lmcamish9z@wiley.com', 'FEM', 124232, 'PROFESOR', 0),
('361', 'Adena', 'Paulich', 'apaulicha0@desdev.cn', 'MASC', 11044, 'PROFESOR', 0),
('362', 'Ruthe', 'Harsnep', 'rharsnepa1@wsj.com', 'MASC', 12321, 'ADMIN', 0),
('363', 'Cissiee', 'Mishaw', 'cmishawa2@loc.gov', 'MASC', 96148, 'PROFESOR', 0),
('364', 'Rustin', 'Kundt', 'rkundta3@blogtalkrad', 'FEM', 57234, 'DEPORTISTA', 0),
('365', 'Gabie', 'Croote', 'gcrootea4@parallels.', 'FEM', 16584, 'ADMIN', 0),
('366', 'Elysia', 'Heales', 'ehealesa5@npr.org', 'MASC', 20323, 'DEPORTISTA', 0),
('367', 'Humfried', 'Pietrusiak', 'hpietrusiaka6@spotif', 'MASC', 904, 'ADMIN', 0),
('368', 'Andria', 'Millions', 'amillionsa7@topsy.co', 'FEM', 237101, 'DEPORTISTA', 0),
('369', 'Bard', 'Clarabut', 'bclarabuta8@free.fr', 'FEM', 50225, 'DEPORTISTA', 0),
('37', 'Nicolette', 'Stansell', 'nstansell10@smugmug.', 'MASC', 123143, 'PROFESOR', 0),
('370', 'Sybil', 'Blandford', 'sblandforda9@arizona', 'FEM', 234175, 'PROFESOR', 0),
('371', 'Talbot', 'Hue', 'thueaa@census.gov', 'MASC', 223146, 'DEPORTISTA', 0),
('372', 'Ahmed', 'Bramley', 'abramleyab@dmoz.org', 'FEM', 92218, 'DEPORTISTA', 0),
('373', 'Horst', 'Josiah', 'hjosiahac@163.com', 'MASC', 74187, 'ADMIN', 0),
('374', 'Zebadiah', 'Featley', 'zfeatleyad@craigslis', 'MASC', 21078, 'ADMIN', 0),
('375', 'Grissel', 'Ferrandez', 'gferrandezae@cbc.ca', 'FEM', 158143, 'DEPORTISTA', 0),
('376', 'Carlina', 'Worcester', 'cworcesteraf@marriot', 'MASC', 178242, 'PROFESOR', 0),
('377', 'Graig', 'Aldwinckle', 'galdwinckleag@dropbo', 'FEM', 20957, 'DEPORTISTA', 0),
('378', 'Mathilde', 'Kingcott', 'mkingcottah@china.co', 'FEM', 6546, 'ADMIN', 0),
('379', 'Lazaro', 'McIver', 'lmciverai@guardian.c', 'MASC', 127251, 'DEPORTISTA', 0),
('38', 'Mitchel', 'Nacci', 'mnacci11@soup.io', 'FEM', 20101, 'DEPORTISTA', 0),
('380', 'Kiley', 'Erswell', 'kerswellaj@princeton', 'FEM', 238211, 'ADMIN', 0),
('381', 'Chrisse', 'Yellowlees', 'cyellowleesak@privac', 'MASC', 14460, 'DEPORTISTA', 0),
('382', 'Wallache', 'Possek', 'wpossekal@nbcnews.co', 'FEM', 187228, 'PROFESOR', 0),
('383', 'Filippo', 'MacTeague', 'fmacteagueam@edublog', 'FEM', 4030, 'PROFESOR', 0),
('384', 'Joe', 'Phuprate', 'jphupratean@business', 'MASC', 24293, 'DEPORTISTA', 0),
('385', 'Rudd', 'Sesons', 'rsesonsao@themefores', 'FEM', 148238, 'DEPORTISTA', 0),
('386', 'Auria', 'Jurek', 'ajurekap@cnn.com', 'FEM', 7017, 'DEPORTISTA', 0),
('387', 'Aurilia', 'Brigge', 'abriggeaq@sciencedai', 'FEM', 83239, 'ADMIN', 0),
('388', 'Price', 'Ondrak', 'pondrakar@youtube.co', 'MASC', 2739, 'PROFESOR', 0),
('389', 'Randa', 'Fronczak', 'rfronczakas@ucla.edu', 'FEM', 20562, 'ADMIN', 0),
('39', 'Norby', 'Damiata', 'ndamiata12@dropbox.c', 'FEM', 64218, 'ADMIN', 0),
('390', 'Salem', 'Brownlea', 'sbrownleaat@deliciou', 'FEM', 94132, 'PROFESOR', 0),
('391', 'Abigail', 'Raybould', 'araybouldau@ebay.com', 'MASC', 199173, 'ADMIN', 0),
('392', 'Mycah', 'Bugdell', 'mbugdellav@infoseek.', 'FEM', 23034, 'DEPORTISTA', 0),
('393', 'Marianne', 'De Blasio', 'mdeblasioaw@wootheme', 'FEM', 26197, 'DEPORTISTA', 0),
('394', 'Joelly', 'Aleavy', 'jaleavyax@sourceforg', 'MASC', 186229, 'ADMIN', 0),
('395', 'Elka', 'Eglin', 'eeglinay@home.pl', 'MASC', 204106, 'PROFESOR', 0),
('396', 'Delores', 'Geydon', 'dgeydonaz@home.pl', 'MASC', 113111, 'ADMIN', 0),
('397', 'Shellyshel', 'Durtnel', 'sdurtnelb0@redcross.', 'MASC', 70252, 'DEPORTISTA', 0),
('398', 'Casey', 'Rainey', 'craineyb1@fotki.com', 'MASC', 190179, 'PROFESOR', 0),
('399', 'Ezekiel', 'Joscelyn', 'ejoscelynb2@dailymai', 'MASC', 252215, 'DEPORTISTA', 0),
('4', 'Taber', 'Cuffin', 'tcuffin3@amazon.co.u', 'MASC', 102171, 'PROFESOR', 0),
('40', 'Valene', 'Wagenen', 'vwagenen13@skyrock.c', 'FEM', 184245, 'DEPORTISTA', 0),
('400', 'Tynan', 'Bigg', 'tbiggb3@desdev.cn', 'MASC', 149150, 'DEPORTISTA', 0),
('401', 'Averill', 'Stiger', 'astigerb4@4shared.co', 'MASC', 181252, 'ADMIN', 0),
('402', 'Meriel', 'Kleinfeld', 'mkleinfeldb5@dagonde', 'MASC', 10235, 'ADMIN', 0),
('403', 'Zorina', 'Barles', 'zbarlesb6@prnewswire', 'MASC', 20547, 'PROFESOR', 0),
('404', 'Archaimbau', 'Oven', 'aovenb7@storify.com', 'MASC', 174117, 'ADMIN', 0),
('405', 'Rosabel', 'Venditti', 'rvendittib8@java.com', 'MASC', 147119, 'PROFESOR', 0),
('406', 'Britta', 'Tribble', 'btribbleb9@mayoclini', 'FEM', 19178, 'ADMIN', 0),
('407', 'Bonnie', 'Gomm', 'bgommba@toplist.cz', 'MASC', 70226, 'PROFESOR', 0),
('408', 'Biddie', 'Malling', 'bmallingbb@g.co', 'FEM', 185139, 'ADMIN', 0),
('409', 'Winnah', 'Szubert', 'wszubertbc@twitter.c', 'FEM', 558, 'DEPORTISTA', 0),
('41', 'Neile', 'Linthead', 'nlinthead14@scribd.c', 'MASC', 24227, 'ADMIN', 0),
('410', 'Morgun', 'Jendrusch', 'mjendruschbd@faceboo', 'FEM', 137112, 'PROFESOR', 0),
('411', 'Ira', 'Enser', 'ienserbe@buzzfeed.co', 'MASC', 16118, 'DEPORTISTA', 0),
('412', 'Borden', 'Macauley', 'bmacauleybf@weibo.co', 'FEM', 23838, 'DEPORTISTA', 0),
('413', 'Clarabelle', 'Emett', 'cemettbg@altervista.', 'MASC', 48110, 'PROFESOR', 0),
('414', 'Bertrand', 'Force', 'bforcebh@zimbio.com', 'MASC', 3251, 'PROFESOR', 0),
('415', 'Reeba', 'Sudlow', 'rsudlowbi@mac.com', 'MASC', 185222, 'DEPORTISTA', 0),
('416', 'Giffer', 'Dowson', 'gdowsonbj@e-recht24.', 'MASC', 10033, 'DEPORTISTA', 0),
('417', 'Godfree', 'Fero', 'gferobk@angelfire.co', 'MASC', 51176, 'PROFESOR', 0),
('418', 'Jarvis', 'Greenslade', 'jgreensladebl@bookin', 'FEM', 24174, 'PROFESOR', 0),
('419', 'Cybill', 'Gait', 'cgaitbm@google.com.a', 'MASC', 59228, 'DEPORTISTA', 0),
('42', 'Micky', 'Mitchley', 'mmitchley15@biblegat', 'MASC', 1280, 'DEPORTISTA', 0),
('420', 'Georgette', 'Josselson', 'gjosselsonbn@bing.co', 'MASC', 54228, 'DEPORTISTA', 0),
('421', 'Win', 'Staneland', 'wstanelandbo@examine', 'MASC', 175190, 'PROFESOR', 0),
('422', 'April', 'Charlick', 'acharlickbp@clickban', 'MASC', 14115, 'ADMIN', 0),
('423', 'Gilberto', 'Semaine', 'gsemainebq@zimbio.co', 'MASC', 233210, 'PROFESOR', 0),
('424', 'Abelard', 'Mc Corley', 'amccorleybr@netscape', 'MASC', 10654, 'PROFESOR', 0),
('425', 'Scott', 'Sherebrooke', 'ssherebrookebs@nps.g', 'MASC', 242190, 'ADMIN', 0),
('426', 'Garik', 'Shave', 'gshavebt@tumblr.com', 'MASC', 162100, 'DEPORTISTA', 0),
('427', 'Wes', 'Dod', 'wdodbu@ted.com', 'MASC', 1158, 'PROFESOR', 0),
('428', 'Leia', 'Barling', 'lbarlingbv@foxnews.c', 'MASC', 98160, 'ADMIN', 0),
('429', 'Victoria', 'Crease', 'vcreasebw@hatena.ne.', 'FEM', 793, 'ADMIN', 0),
('43', 'Raleigh', 'McGiveen', 'rmcgiveen16@1688.com', 'FEM', 20731, 'PROFESOR', 0),
('430', 'Maurise', 'Delap', 'mdelapbx@bigcartel.c', 'MASC', 5062, 'DEPORTISTA', 0),
('431', 'Marlie', 'Quantick', 'mquantickby@opera.co', 'MASC', 87165, 'ADMIN', 0),
('432', 'Lu', 'Braban', 'lbrabanbz@toplist.cz', 'FEM', 198130, 'DEPORTISTA', 0),
('433', 'Ellerey', 'Pottle', 'epottlec0@dropbox.co', 'MASC', 77173, 'DEPORTISTA', 0),
('434', 'Daryl', 'Aukland', 'dauklandc1@forbes.co', 'MASC', 23113, 'ADMIN', 0),
('435', 'Liv', 'Hyndley', 'lhyndleyc2@cargocoll', 'MASC', 123133, 'PROFESOR', 0),
('436', 'Ernie', 'Weinmann', 'eweinmannc3@alibaba.', 'FEM', 70131, 'ADMIN', 0),
('437', 'Timmi', 'Chestney', 'tchestneyc4@vinaora.', 'FEM', 21273, 'DEPORTISTA', 0),
('438', 'Nani', 'Pimblotte', 'npimblottec5@ow.ly', 'MASC', 201160, 'PROFESOR', 0),
('439', 'Jack', 'Van Giffen', 'jvangiffenc6@zimbio.', 'FEM', 232237, 'ADMIN', 0),
('44', 'Jae', 'Blazdell', 'jblazdell17@archive.', 'FEM', 19730, 'ADMIN', 0),
('440', 'Penelopa', 'Bollans', 'pbollansc7@biblegate', 'FEM', 75121, 'DEPORTISTA', 0),
('441', 'Nataniel', 'Robertsen', 'nrobertsenc8@geociti', 'MASC', 62201, 'ADMIN', 0),
('442', 'Carroll', 'Letchmore', 'cletchmorec9@cbc.ca', 'MASC', 49253, 'ADMIN', 0),
('443', 'Allene', 'Jeanin', 'ajeaninca@networkadv', 'MASC', 1355, 'PROFESOR', 0),
('444', 'Sutherland', 'Blouet', 'sblouetcb@cocolog-ni', 'MASC', 106236, 'PROFESOR', 0),
('445', 'Karry', 'Willas', 'kwillascc@cdc.gov', 'MASC', 505, 'PROFESOR', 0),
('446', 'Ardis', 'MacWhan', 'amacwhancd@marketwat', 'FEM', 4790, 'ADMIN', 0),
('447', 'Quill', 'Glanz', 'qglanzce@google.co.u', 'MASC', 13356, 'ADMIN', 0),
('448', 'Linn', 'Croster', 'lcrostercf@indiatime', 'MASC', 149100, 'DEPORTISTA', 0),
('449', 'Ulrike', 'Gittus', 'ugittuscg@wikipedia.', 'FEM', 38140, 'DEPORTISTA', 0),
('45', 'Thomasine', 'Palmar', 'tpalmar18@ovh.net', 'FEM', 906, 'ADMIN', 0),
('450', 'Cathy', 'Dumberrill', 'cdumberrillch@domain', 'MASC', 204139, 'PROFESOR', 0),
('451', 'Adelina', 'Bagot', 'abagotci@usgs.gov', 'MASC', 232113, 'DEPORTISTA', 0),
('452', 'Drew', 'Maymand', 'dmaymandcj@ucoz.com', 'FEM', 2933, 'ADMIN', 0),
('453', 'Brynna', 'Stockney', 'bstockneyck@slidesha', 'MASC', 40188, 'PROFESOR', 0),
('454', 'Keary', 'Kibblewhite', 'kkibblewhitecl@csmon', 'FEM', 222107, 'DEPORTISTA', 0),
('455', 'Stacy', 'Sparkwell', 'ssparkwellcm@weibo.c', 'FEM', 876, 'PROFESOR', 0),
('456', 'Wiley', 'Claffey', 'wclaffeycn@fema.gov', 'FEM', 166106, 'DEPORTISTA', 0),
('457', 'Roscoe', 'Maddox', 'rmaddoxco@alibaba.co', 'FEM', 177136, 'DEPORTISTA', 0),
('458', 'Teirtza', 'Lawn', 'tlawncp@geocities.co', 'MASC', 12104, 'DEPORTISTA', 0),
('459', 'Vitia', 'Mattock', 'vmattockcq@delicious', 'MASC', 59179, 'ADMIN', 0),
('46', 'Dalt', 'Gleadhall', 'dgleadhall19@reverbn', 'FEM', 91230, 'ADMIN', 0),
('460', 'Arabella', 'Boyet', 'aboyetcr@yellowbook.', 'FEM', 9583, 'ADMIN', 0),
('461', 'Cristi', 'Banbrick', 'cbanbrickcs@chron.co', 'MASC', 90230, 'ADMIN', 0),
('462', 'Jedediah', 'Wedlock', 'jwedlockct@51.la', 'FEM', 161104, 'DEPORTISTA', 0),
('463', 'Blythe', 'Ferrierio', 'bferrieriocu@ca.gov', 'FEM', 88157, 'DEPORTISTA', 0),
('464', 'Fania', 'Maudett', 'fmaudettcv@amazon.de', 'FEM', 217130, 'PROFESOR', 0),
('465', 'Theodoric', 'Meachan', 'tmeachancw@hexun.com', 'FEM', 226190, 'ADMIN', 0),
('466', 'Hephzibah', 'Gavigan', 'hgavigancx@cnn.com', 'MASC', 145190, 'ADMIN', 0),
('467', 'Eileen', 'Gruszka', 'egruszkacy@google.co', 'FEM', 24041, 'DEPORTISTA', 0),
('468', 'See', 'Habbal', 'shabbalcz@state.gov', 'MASC', 7877, 'DEPORTISTA', 0),
('469', 'Carry', 'Bissill', 'cbissilld0@opera.com', 'MASC', 86244, 'PROFESOR', 0),
('47', 'Isiahi', 'Curner', 'icurner1a@google.com', 'FEM', 14468, 'DEPORTISTA', 0),
('470', 'Ariel', 'Leith-Harvey', 'aleithharveyd1@smh.c', 'FEM', 12543, 'ADMIN', 0),
('471', 'Heda', 'Stoodale', 'hstoodaled2@gnu.org', 'MASC', 43144, 'DEPORTISTA', 0),
('472', 'Lewiss', 'Ciottoi', 'lciottoid3@amazon.co', 'FEM', 162108, 'ADMIN', 0),
('473', 'Chloe', 'Le Leu', 'cleleud4@amazonaws.c', 'MASC', 167240, 'PROFESOR', 0),
('474', 'Igor', 'Haibel', 'ihaibeld5@chron.com', 'MASC', 21550, 'PROFESOR', 0),
('475', 'Felicio', 'Sanper', 'fsanperd6@pbs.org', 'MASC', 20329, 'DEPORTISTA', 0),
('476', 'Denice', 'Seegar', 'dseegard7@webeden.co', 'MASC', 24992, 'DEPORTISTA', 0),
('477', 'Anett', 'Wearn', 'awearnd8@ed.gov', 'MASC', 76209, 'DEPORTISTA', 0),
('478', 'Analise', 'Balharry', 'abalharryd9@diigo.co', 'FEM', 166117, 'ADMIN', 0),
('479', 'Juditha', 'Delamaine', 'jdelamaineda@sohu.co', 'FEM', 248203, 'ADMIN', 0),
('48', 'Taite', 'Kasbye', 'tkasbye1b@guardian.c', 'FEM', 104195, 'ADMIN', 0),
('480', 'Giacomo', 'Ambler', 'gamblerdb@wikia.com', 'MASC', 77106, 'ADMIN', 0),
('481', 'Etienne', 'Christoffels', 'echristoffelsdc@drop', 'FEM', 1418, 'ADMIN', 0),
('482', 'Gamaliel', 'Tern', 'gterndd@taobao.com', 'FEM', 172244, 'ADMIN', 0),
('483', 'Etheline', 'Wyeth', 'ewyethde@clickbank.n', 'FEM', 9491, 'DEPORTISTA', 0),
('484', 'Saul', 'Sakins', 'ssakinsdf@gov.uk', 'MASC', 99210, 'ADMIN', 0),
('485', 'Purcell', 'Pelling', 'ppellingdg@hexun.com', 'FEM', 2098, 'ADMIN', 0),
('486', 'Lamont', 'Gernier', 'lgernierdh@cbsnews.c', 'MASC', 129126, 'DEPORTISTA', 0),
('487', 'Saul', 'Andrini', 'sandrinidi@blogger.c', 'FEM', 308, 'PROFESOR', 0),
('488', 'Candida', 'Sarl', 'csarldj@jigsy.com', 'MASC', 22756, 'PROFESOR', 0),
('489', 'Nevins', 'Biagioni', 'nbiagionidk@nps.gov', 'FEM', 49122, 'PROFESOR', 0),
('49', 'Aldis', 'Segrave', 'asegrave1c@tumblr.co', 'MASC', 114154, 'DEPORTISTA', 0),
('490', 'Cob', 'Banck', 'cbanckdl@nifty.com', 'MASC', 13867, 'ADMIN', 0),
('491', 'Blakeley', 'Whiscard', 'bwhiscarddm@joomla.o', 'FEM', 225196, 'PROFESOR', 0),
('492', 'Sara-ann', 'Ivoshin', 'sivoshindn@independe', 'FEM', 15090, 'ADMIN', 0),
('493', 'Lebbie', 'Sextie', 'lsextiedo@feedburner', 'FEM', 26100, 'PROFESOR', 0),
('494', 'Darsey', 'Daniau', 'ddaniaudp@example.co', 'MASC', 135129, 'DEPORTISTA', 0),
('495', 'Tessa', 'Brunotti', 'tbrunottidq@patch.co', 'FEM', 17083, 'ADMIN', 0),
('496', 'Jeffie', 'Haberfield', 'jhaberfielddr@army.m', 'FEM', 114180, 'ADMIN', 0),
('497', 'Sonnnie', 'Wythe', 'swytheds@sogou.com', 'MASC', 19064, 'ADMIN', 0),
('498', 'Batsheva', 'Erswell', 'berswelldt@skyrock.c', 'FEM', 113109, 'ADMIN', 0),
('499', 'Ceil', 'Bilney', 'cbilneydu@time.com', 'FEM', 4851, 'DEPORTISTA', 0),
('5', 'Filide', 'Nissle', 'fnissle4@tripod.com', 'MASC', 106127, 'ADMIN', 0),
('50', 'Gavin', 'Luna', 'gluna1d@about.com', 'MASC', 183134, 'ADMIN', 0),
('500', 'Meryl', 'Grocott', 'mgrocottdv@noaa.gov', 'FEM', 178222, 'PROFESOR', 0),
('501', 'Karoline', 'Childes', 'kchildesdw@narod.ru', 'MASC', 2174, 'ADMIN', 0),
('502', 'Kathleen', 'Keme', 'kkemedx@scribd.com', 'MASC', 220159, 'DEPORTISTA', 0),
('503', 'Tomaso', 'Skippings', 'tskippingsdy@soup.io', 'FEM', 22277, 'ADMIN', 0),
('504', 'Catherina', 'MacAskie', 'cmacaskiedz@rakuten.', 'MASC', 5468, 'PROFESOR', 0),
('505', 'Wade', 'MacCarrick', 'wmaccarricke0@ow.ly', 'MASC', 23127, 'PROFESOR', 0),
('506', 'Silvain', 'Thomasen', 'sthomasene1@oaic.gov', 'MASC', 8224, 'ADMIN', 0),
('507', 'Kynthia', 'Kevlin', 'kkevline2@redcross.o', 'MASC', 3629, 'DEPORTISTA', 0),
('508', 'Estella', 'Beever', 'ebeevere3@ycombinato', 'FEM', 166188, 'DEPORTISTA', 0),
('509', 'Ronnie', 'Roxburch', 'rroxburche4@webmd.co', 'FEM', 15944, 'PROFESOR', 0),
('51', 'Georgetta', 'MacGillivray', 'gmacgillivray1e@kick', 'MASC', 17206, 'PROFESOR', 0),
('510', 'Ruperto', 'Aleksankin', 'raleksankine5@topsy.', 'MASC', 2558, 'ADMIN', 0),
('511', 'Averell', 'Hesse', 'ahessee6@slate.com', 'MASC', 62148, 'PROFESOR', 0),
('512', 'Hurleigh', 'Mealand', 'hmealande7@auda.org.', 'MASC', 19213, 'ADMIN', 0),
('513', 'Arline', 'Wetter', 'awettere8@uol.com.br', 'FEM', 1199, 'PROFESOR', 0),
('514', 'Petronella', 'Thomassen', 'pthomassene9@apple.c', 'FEM', 14187, 'PROFESOR', 0),
('515', 'Mandel', 'Bernetti', 'mbernettiea@cbsnews.', 'MASC', 19244, 'PROFESOR', 0),
('516', 'Gilles', 'Kramer', 'gkramereb@army.mil', 'FEM', 70226, 'DEPORTISTA', 0),
('517', 'Nananne', 'Humpherston', 'nhumpherstonec@natio', 'MASC', 9144, 'PROFESOR', 0),
('518', 'Kelcey', 'McLaine', 'kmclaineed@amazon.de', 'FEM', 15748, 'DEPORTISTA', 0),
('519', 'Dolph', 'Likly', 'dliklyee@i2i.jp', 'MASC', 253185, 'DEPORTISTA', 0),
('52', 'Linea', 'McPhail', 'lmcphail1f@domainmar', 'MASC', 11823, 'PROFESOR', 0),
('520', 'Gottfried', 'Dunsmuir', 'gdunsmuiref@sbwire.c', 'FEM', 193233, 'ADMIN', 0),
('521', 'Gabriel', 'Jira', 'gjiraeg@house.gov', 'FEM', 17252, 'PROFESOR', 0),
('522', 'Dinah', 'Henningham', 'dhenninghameh@biglob', 'MASC', 20046, 'PROFESOR', 0),
('523', 'Drusi', 'Pedlingham', 'dpedlinghamei@youtub', 'MASC', 8859, 'PROFESOR', 0),
('524', 'Ursa', 'Bolin', 'ubolinej@patch.com', 'MASC', 195160, 'ADMIN', 0),
('525', 'Granger', 'Scholtz', 'gscholtzek@earthlink', 'MASC', 95242, 'ADMIN', 0),
('526', 'Toma', 'Christophersen', 'tchristophersenel@ap', 'MASC', 21197, 'DEPORTISTA', 0),
('527', 'Hart', 'Roscher', 'hroscherem@fema.gov', 'FEM', 215248, 'ADMIN', 0),
('528', 'Arel', 'Coniff', 'aconiffen@example.co', 'FEM', 21797, 'PROFESOR', 0),
('529', 'Wilie', 'Treanor', 'wtreanoreo@geocities', 'FEM', 21413, 'ADMIN', 0),
('53', 'Drucy', 'Childers', 'dchilders1g@facebook', 'MASC', 20599, 'DEPORTISTA', 0),
('530', 'Olly', 'Fretson', 'ofretsonep@seesaa.ne', 'FEM', 223159, 'ADMIN', 0),
('531', 'Rhett', 'Shatford', 'rshatfordeq@sphinn.c', 'MASC', 12789, 'DEPORTISTA', 0),
('532', 'Lombard', 'Bentick', 'lbenticker@marketwat', 'FEM', 12058, 'PROFESOR', 0),
('533', 'Niles', 'Huddlestone', 'nhuddlestonees@sun.c', 'MASC', 115189, 'DEPORTISTA', 0),
('534', 'Anna-diane', 'O\'Cridigan', 'aocridiganet@cisco.c', 'MASC', 6134, 'DEPORTISTA', 0),
('535', 'Rufe', 'Endle', 'rendleeu@msn.com', 'FEM', 13520, 'PROFESOR', 0),
('536', 'Margo', 'Rushsorth', 'mrushsorthev@plala.o', 'FEM', 168101, 'DEPORTISTA', 0),
('537', 'Wat', 'Puden', 'wpudenew@unblog.fr', 'MASC', 202197, 'ADMIN', 0),
('538', 'Franny', 'Startin', 'fstartinex@behance.n', 'FEM', 22536, 'DEPORTISTA', 0),
('539', 'Deanne', 'Batters', 'dbattersey@loc.gov', 'FEM', 52105, 'ADMIN', 0),
('54', 'Shelden', 'McLeary', 'smcleary1h@weebly.co', 'FEM', 214192, 'ADMIN', 0),
('540', 'Kenn', 'Gaven', 'kgavenez@slate.com', 'FEM', 28169, 'PROFESOR', 0),
('541', 'Rochette', 'Mardle', 'rmardlef0@sciencedai', 'MASC', 248144, 'PROFESOR', 0),
('542', 'Tobiah', 'Dorset', 'tdorsetf1@bloomberg.', 'FEM', 26104, 'DEPORTISTA', 0),
('543', 'Tani', 'Rilston', 'trilstonf2@paginegia', 'FEM', 18537, 'PROFESOR', 0),
('544', 'Port', 'Hulatt', 'phulattf3@whitehouse', 'FEM', 7697, 'ADMIN', 0),
('545', 'Pascale', 'Bonfield', 'pbonfieldf4@youtu.be', 'MASC', 13941, 'DEPORTISTA', 0),
('546', 'Lanita', 'Heeps', 'lheepsf5@un.org', 'MASC', 117214, 'DEPORTISTA', 0),
('547', 'Teirtza', 'Stickney', 'tstickneyf6@wix.com', 'FEM', 171150, 'PROFESOR', 0),
('548', 'Rex', 'Klyn', 'rklynf7@pagesperso-o', 'MASC', 13893, 'PROFESOR', 0),
('549', 'Crissy', 'Croux', 'ccrouxf8@jiathis.com', 'FEM', 99203, 'PROFESOR', 0),
('55', 'Brody', 'Pillington', 'bpillington1i@google', 'FEM', 8595, 'DEPORTISTA', 0),
('550', 'Ashien', 'Bollini', 'abollinif9@psu.edu', 'MASC', 12780, 'PROFESOR', 0),
('551', 'Devland', 'Compston', 'dcompstonfa@google.c', 'MASC', 162197, 'DEPORTISTA', 0),
('552', 'Lynn', 'Gatrell', 'lgatrellfb@cargocoll', 'FEM', 167104, 'PROFESOR', 0),
('553', 'Cash', 'Storms', 'cstormsfc@amazon.co.', 'MASC', 13642, 'PROFESOR', 0),
('554', 'Fayette', 'Wellen', 'fwellenfd@photobucke', 'FEM', 16590, 'DEPORTISTA', 0),
('555', 'Tomas', 'Swiers', 'tswiersfe@comcast.ne', 'MASC', 48120, 'DEPORTISTA', 0),
('556', 'Marcela', 'Chevins', 'mchevinsff@ebay.com', 'MASC', 44193, 'ADMIN', 0),
('557', 'Sheryl', 'Ingrem', 'singremfg@unblog.fr', 'FEM', 174102, 'ADMIN', 0),
('558', 'Codi', 'Le Gallo', 'clegallofh@jugem.jp', 'MASC', 4170, 'PROFESOR', 0),
('559', 'Stanwood', 'Loftin', 'sloftinfi@sun.com', 'FEM', 50105, 'PROFESOR', 0),
('56', 'Waverly', 'McIndrew', 'wmcindrew1j@oaic.gov', 'FEM', 98139, 'PROFESOR', 0),
('560', 'Elianora', 'Turban', 'eturbanfj@plala.or.j', 'FEM', 158225, 'PROFESOR', 0),
('561', 'Claybourne', 'Durtnal', 'cdurtnalfk@hp.com', 'MASC', 11172, 'PROFESOR', 0),
('562', 'Rosabelle', 'Pavier', 'rpavierfl@slate.com', 'MASC', 17595, 'PROFESOR', 0),
('563', 'Ryon', 'Topping', 'rtoppingfm@hostgator', 'FEM', 12241, 'DEPORTISTA', 0),
('564', 'Holden', 'Wilcher', 'hwilcherfn@cmu.edu', 'MASC', 135102, 'DEPORTISTA', 0),
('565', 'Vasily', 'Oldam', 'voldamfo@bizjournals', 'MASC', 50179, 'PROFESOR', 0),
('566', 'Isadore', 'Castro', 'icastrofp@upenn.edu', 'MASC', 21089, 'PROFESOR', 0),
('567', 'Margi', 'Craise', 'mcraisefq@amazonaws.', 'FEM', 46182, 'DEPORTISTA', 0),
('568', 'Barbabra', 'Chandler', 'bchandlerfr@issuu.co', 'FEM', 14497, 'PROFESOR', 0),
('569', 'Aldwin', 'Comport', 'acomportfs@barnesand', 'MASC', 230216, 'PROFESOR', 0),
('57', 'Tessie', 'Surgey', 'tsurgey1k@issuu.com', 'FEM', 1825, 'PROFESOR', 0),
('570', 'Kerby', 'Dallman', 'kdallmanft@amazon.co', 'MASC', 167122, 'ADMIN', 0),
('571', 'Tiffie', 'Connah', 'tconnahfu@youtu.be', 'MASC', 103229, 'DEPORTISTA', 0),
('572', 'Robenia', 'Ferres', 'rferresfv@naver.com', 'FEM', 244186, 'PROFESOR', 0),
('573', 'Kristan', 'Kirwood', 'kkirwoodfw@wufoo.com', 'MASC', 14014, 'ADMIN', 0),
('574', 'Kesley', 'Burnip', 'kburnipfx@mtv.com', 'FEM', 235, 'ADMIN', 0),
('575', 'Becky', 'Sugars', 'bsugarsfy@guardian.c', 'MASC', 15426, 'DEPORTISTA', 0),
('576', 'Thaxter', 'Girardengo', 'tgirardengofz@howstu', 'MASC', 2135, 'ADMIN', 0),
('577', 'Kynthia', 'Gaine', 'kgaineg0@ucsd.edu', 'FEM', 188124, 'PROFESOR', 0),
('578', 'Laure', 'Goricke', 'lgorickeg1@buzzfeed.', 'FEM', 712, 'PROFESOR', 0),
('579', 'Jeremias', 'Orehead', 'joreheadg2@hao123.co', 'FEM', 87167, 'ADMIN', 0),
('58', 'Celestia', 'Camerati', 'ccamerati1l@youtube.', 'MASC', 244104, 'PROFESOR', 0),
('580', 'Floris', 'Cardinal', 'fcardinalg3@so-net.n', 'MASC', 21739, 'ADMIN', 0),
('581', 'Gerhardt', 'Pagon', 'gpagong4@multiply.co', 'MASC', 40214, 'ADMIN', 0),
('582', 'Cathrine', 'Leaman', 'cleamang5@patch.com', 'MASC', 23171, 'ADMIN', 0),
('583', 'Kennie', 'Jeavon', 'kjeavong6@bing.com', 'FEM', 18798, 'PROFESOR', 0),
('584', 'Lissie', 'McGilvra', 'lmcgilvrag7@gravatar', 'FEM', 25240, 'PROFESOR', 0),
('585', 'Verina', 'Anfusso', 'vanfussog8@elegantth', 'MASC', 192191, 'ADMIN', 0),
('586', 'Joshuah', 'Mendenhall', 'jmendenhallg9@blogge', 'MASC', 504, 'ADMIN', 0),
('587', 'Ardra', 'Bertome', 'abertomega@indiatime', 'MASC', 29250, 'DEPORTISTA', 0),
('588', 'Ritchie', 'Duell', 'rduellgb@cbsnews.com', 'MASC', 153243, 'PROFESOR', 0),
('589', 'Shermy', 'Coe', 'scoegc@ovh.net', 'FEM', 16222, 'ADMIN', 0),
('59', 'Ivie', 'Cadle', 'icadle1m@tamu.edu', 'MASC', 490, 'ADMIN', 0),
('590', 'Rocky', 'Gauson', 'rgausongd@gizmodo.co', 'FEM', 208134, 'PROFESOR', 0),
('591', 'Korey', 'Andrey', 'kandreyge@clickbank.', 'FEM', 1994, 'DEPORTISTA', 0),
('592', 'Rosanna', 'Klejna', 'rklejnagf@biblegatew', 'FEM', 9469, 'ADMIN', 0),
('593', 'Lib', 'Widdows', 'lwiddowsgg@ustream.t', 'FEM', 171121, 'DEPORTISTA', 0),
('594', 'Alica', 'Aarons', 'aaaronsgh@angelfire.', 'MASC', 16897, 'ADMIN', 0),
('595', 'Tonye', 'Vogele', 'tvogelegi@myspace.co', 'FEM', 1796, 'DEPORTISTA', 0),
('596', 'Joycelin', 'Heyward', 'jheywardgj@histats.c', 'MASC', 58163, 'PROFESOR', 0),
('597', 'Clotilda', 'Liddiard', 'cliddiardgk@privacy.', 'FEM', 103122, 'ADMIN', 0),
('598', 'Jeanna', 'Rooksby', 'jrooksbygl@pagespers', 'MASC', 10485, 'PROFESOR', 0),
('599', 'Tisha', 'Dominichetti', 'tdominichettigm@ca.g', 'MASC', 113189, 'DEPORTISTA', 0),
('6', 'Thedric', 'Chard', 'tchard5@edublogs.org', 'MASC', 178225, 'DEPORTISTA', 0),
('60', 'Josy', 'Peppett', 'jpeppett1n@ox.ac.uk', 'MASC', 14147, 'ADMIN', 0),
('600', 'Myrtle', 'O\'Hederscoll', 'mohederscollgn@googl', 'MASC', 42124, 'DEPORTISTA', 0),
('61', 'Alexandro', 'Devoy', 'adevoy1o@craigslist.', 'MASC', 24664, 'ADMIN', 0),
('62', 'Hannah', 'O\'Cuddie', 'hocuddie1p@sakura.ne', 'MASC', 142202, 'PROFESOR', 0),
('63', 'Westbrooke', 'Matt', 'wmatt1q@zimbio.com', 'FEM', 199124, 'ADMIN', 0),
('64', 'Ciro', 'Swinerd', 'cswinerd1r@yale.edu', 'MASC', 143201, 'ADMIN', 0),
('65', 'Alec', 'Ellery', 'aellery1s@cnet.com', 'FEM', 79238, 'ADMIN', 0),
('66', 'Kerwinn', 'Guerri', 'kguerri1t@indiegogo.', 'FEM', 20144, 'ADMIN', 0),
('67', 'Jacinda', 'McCole', 'jmccole1u@blinklist.', 'MASC', 2569, 'ADMIN', 0),
('68', 'Doria', 'Zorn', 'dzorn1v@dyndns.org', 'FEM', 5011, 'PROFESOR', 0),
('69', 'Lindy', 'De Beauchamp', 'ldebeauchamp1w@sakur', 'MASC', 245102, 'PROFESOR', 0),
('7', 'Michele', 'Haggerwood', 'mhaggerwood6@vk.com', 'FEM', 237215, 'DEPORTISTA', 0),
('70', 'Olivia', 'Carlens', 'ocarlens1x@adobe.com', 'FEM', 2210, 'PROFESOR', 0),
('71', 'Lisle', 'Neilan', 'lneilan1y@dailymotio', 'MASC', 17416, 'ADMIN', 0),
('72', 'Timofei', 'Janosevic', 'tjanosevic1z@berkele', 'FEM', 235139, 'DEPORTISTA', 0),
('73', 'Horatio', 'Menat', 'hmenat20@globo.com', 'FEM', 122202, 'PROFESOR', 0),
('74', 'Marrilee', 'Hawse', 'mhawse21@github.io', 'MASC', 112201, 'DEPORTISTA', 0),
('75', 'Cecelia', 'Applegarth', 'capplegarth22@cdc.go', 'MASC', 206154, 'ADMIN', 0),
('76', 'Whittaker', 'Curror', 'wcurror23@simplemach', 'FEM', 18045, 'DEPORTISTA', 0),
('77', 'Antoinette', 'Raiker', 'araiker24@ask.com', 'MASC', 16087, 'ADMIN', 0),
('78', 'Gabbey', 'Gilhooley', 'ggilhooley25@ihg.com', 'MASC', 3715, 'DEPORTISTA', 0),
('79', 'Britteny', 'Pinn', 'bpinn26@webmd.com', 'FEM', 157232, 'ADMIN', 0),
('8', 'Rosaline', 'Lynskey', 'rlynskey7@pbs.org', 'MASC', 93247, 'DEPORTISTA', 0),
('80', 'Garrik', 'Desquesnes', 'gdesquesnes27@mapy.c', 'MASC', 25428, 'DEPORTISTA', 0),
('81', 'Nadya', 'Kobera', 'nkobera28@timesonlin', 'FEM', 70165, 'PROFESOR', 0),
('82', 'Lynea', 'Eisenberg', 'leisenberg29@reddit.', 'FEM', 15167, 'DEPORTISTA', 0),
('83', 'Eolanda', 'Corah', 'ecorah2a@marriott.co', 'MASC', 247135, 'ADMIN', 0),
('84', 'Booth', 'Yeomans', 'byeomans2b@cam.ac.uk', 'MASC', 86182, 'PROFESOR', 0),
('85', 'Perrine', 'FitzGilbert', 'pfitzgilbert2c@opera', 'MASC', 95166, 'DEPORTISTA', 0),
('86', 'Rustin', 'Bonsall', 'rbonsall2d@infoseek.', 'MASC', 225188, 'ADMIN', 0),
('87', 'Bren', 'Manketell', 'bmanketell2e@ifeng.c', 'MASC', 23037, 'PROFESOR', 0),
('88', 'Arabella', 'McNirlan', 'amcnirlan2f@blogs.co', 'FEM', 17948, 'DEPORTISTA', 0),
('89', 'Bentlee', 'Pieche', 'bpieche2g@paginegial', 'MASC', 14186, 'PROFESOR', 0),
('9', 'Stefa', 'Mussilli', 'smussilli8@vinaora.c', 'MASC', 1063, 'PROFESOR', 0),
('90', 'Virginia', 'McRory', 'vmcrory2h@ed.gov', 'FEM', 1540, 'PROFESOR', 0),
('91', 'Eva', 'Kocher', 'ekocher2i@wikispaces', 'FEM', 20650, 'ADMIN', 0),
('92', 'Anthea', 'Devin', 'adevin2j@spiegel.de', 'FEM', 70, 'PROFESOR', 0),
('93', 'Granger', 'Fortnon', 'gfortnon2k@w3.org', 'MASC', 236220, 'PROFESOR', 0),
('94', 'Jennica', 'Pengilley', 'jpengilley2l@science', 'FEM', 64166, 'PROFESOR', 0),
('95', 'Micheil', 'Brimblecomb', 'mbrimblecomb2m@edubl', 'MASC', 121206, 'PROFESOR', 0),
('96', 'Demeter', 'Lacheze', 'dlacheze2n@nyu.edu', 'MASC', 21181, 'ADMIN', 0),
('97', 'Milena', 'Scarrisbrick', 'mscarrisbrick2o@bost', 'MASC', 20229, 'PROFESOR', 0),
('98', 'Evangeline', 'Branscombe', 'ebranscombe2p@theatl', 'FEM', 17774, 'ADMIN', 0),
('99', 'Shell', 'Nannizzi', 'snannizzi2q@dropbox.', 'MASC', 2144, 'ADMIN', 0);

--
-- Restricciones para tablas volcadas
--

--
-- Filtros para la tabla `categorias`
--
ALTER TABLE `categorias`
  ADD CONSTRAINT `categorias_ibfk_1` FOREIGN KEY (`campeonato_id`) REFERENCES `campeonatos` (`id_campeonato`);

--
-- Filtros para la tabla `enfrentamientos`
--
ALTER TABLE `enfrentamientos`
  ADD CONSTRAINT `enfrentamientos_ibfk_1` FOREIGN KEY (`id_grupo`) REFERENCES `grupos` (`id_grupo`) ON DELETE CASCADE ON UPDATE CASCADE,
  ADD CONSTRAINT `enfrentamientos_ibfk_2` FOREIGN KEY (`id_capitan1`) REFERENCES `parejas` (`id_capitan`) ON DELETE CASCADE ON UPDATE CASCADE,
  ADD CONSTRAINT `enfrentamientos_ibfk_3` FOREIGN KEY (`id_capitan2`) REFERENCES `parejas` (`id_capitan`) ON DELETE CASCADE ON UPDATE CASCADE;

--
-- Filtros para la tabla `grupos`
--
ALTER TABLE `grupos`
  ADD CONSTRAINT `grupos_ibfk_1` FOREIGN KEY (`campeonato_id`) REFERENCES `categorias` (`campeonato_id`) ON DELETE CASCADE ON UPDATE CASCADE;

--
-- Filtros para la tabla `horarios`
--
ALTER TABLE `horarios`
  ADD CONSTRAINT `horarios_ibfk_1` FOREIGN KEY (`pista_id`) REFERENCES `pistas` (`num_pista`) ON DELETE CASCADE ON UPDATE CASCADE;

--
-- Filtros para la tabla `noticias`
--
ALTER TABLE `noticias`
  ADD CONSTRAINT `noticias_ibfk_1` FOREIGN KEY (`usuario_id`) REFERENCES `usuarios` (`dni`) ON DELETE CASCADE ON UPDATE CASCADE;

--
-- Filtros para la tabla `parejas`
--
ALTER TABLE `parejas`
  ADD CONSTRAINT `pareja_ibfk_4` FOREIGN KEY (`id_grupo`) REFERENCES `grupos` (`id_grupo`),
  ADD CONSTRAINT `parejas_ibfk_1` FOREIGN KEY (`campeonato_id`) REFERENCES `categorias` (`campeonato_id`) ON DELETE CASCADE ON UPDATE CASCADE,
  ADD CONSTRAINT `parejas_ibfk_2` FOREIGN KEY (`id_capitan`) REFERENCES `usuarios` (`dni`) ON DELETE CASCADE ON UPDATE CASCADE,
  ADD CONSTRAINT `parejas_ibfk_3` FOREIGN KEY (`id_pareja`) REFERENCES `usuarios` (`dni`) ON DELETE CASCADE ON UPDATE CASCADE;

--
-- Filtros para la tabla `parejas_disputan_enfrentamiento`
--
ALTER TABLE `parejas_disputan_enfrentamiento`
  ADD CONSTRAINT `parDisEnf_ibfk_1` FOREIGN KEY (`campeonato_id`) REFERENCES `parejas` (`campeonato_id`) ON DELETE CASCADE ON UPDATE CASCADE,
  ADD CONSTRAINT `parDisEnf_ibfk_2` FOREIGN KEY (`id_capitan`) REFERENCES `parejas` (`id_capitan`) ON DELETE CASCADE ON UPDATE CASCADE,
  ADD CONSTRAINT `parDisEnf_ibfk_3` FOREIGN KEY (`id_pareja`) REFERENCES `parejas` (`id_pareja`) ON DELETE CASCADE ON UPDATE CASCADE,
  ADD CONSTRAINT `parDisEnf_ibfk_4` FOREIGN KEY (`id_enfrentamiento`) REFERENCES `enfrentamientos` (`id_enfrentamiento`) ON DELETE CASCADE ON UPDATE CASCADE;

--
-- Filtros para la tabla `partidos`
--
ALTER TABLE `partidos`
  ADD CONSTRAINT `partidos_ibfk_1` FOREIGN KEY (`usuario_id`) REFERENCES `usuarios` (`dni`) ON DELETE CASCADE ON UPDATE CASCADE,
  ADD CONSTRAINT `partidos_ibfk_2` FOREIGN KEY (`usuario_id2`) REFERENCES `usuarios` (`dni`) ON DELETE CASCADE ON UPDATE CASCADE,
  ADD CONSTRAINT `partidos_ibfk_3` FOREIGN KEY (`usuario_id3`) REFERENCES `usuarios` (`dni`) ON DELETE CASCADE ON UPDATE CASCADE,
  ADD CONSTRAINT `partidos_ibfk_4` FOREIGN KEY (`usuario_id4`) REFERENCES `usuarios` (`dni`) ON DELETE CASCADE ON UPDATE CASCADE;

--
-- Filtros para la tabla `reservas`
--
ALTER TABLE `reservas`
  ADD CONSTRAINT `reservas_ibfk_1` FOREIGN KEY (`id_pista`) REFERENCES `pistas` (`num_pista`) ON DELETE CASCADE ON UPDATE CASCADE,
  ADD CONSTRAINT `reservas_ibfk_2` FOREIGN KEY (`id_usuario`) REFERENCES `usuarios` (`dni`) ON DELETE CASCADE ON UPDATE CASCADE;
COMMIT;

/*!40101 SET CHARACTER_SET_CLIENT=@OLD_CHARACTER_SET_CLIENT */;
/*!40101 SET CHARACTER_SET_RESULTS=@OLD_CHARACTER_SET_RESULTS */;
/*!40101 SET COLLATION_CONNECTION=@OLD_COLLATION_CONNECTION */;
